/*L
  Copyright Moxie Informatics.

  Distributed under the OSI-approved BSD 3-Clause License.
  See http://ncip.github.com/calims/LICENSE.txt for details.
L*/

INSERT INTO CSM_APPLICATION (APPLICATION_NAME, APPLICATION_DESCRIPTION, DECLARATIVE_FLAG, ACTIVE_FLAG, UPDATE_DATE)
VALUES ('csmupt', 'CSM UPT Super Admin Application', '0', '0', current_date);
  
INSERT INTO CSM_USER (LOGIN_NAME, FIRST_NAME, LAST_NAME, PASSWORD,UPDATE_DATE)
VALUES ('superadmin', '<<super_admin_first_name>>', '<<super_admin_last_name>>', 'zJPWCwDeSgG8j2uyHEABIQ==', current_date);
  
INSERT INTO CSM_PROTECTION_ELEMENT (PROTECTION_ELEMENT_NAME, PROTECTION_ELEMENT_DESCRIPTION, OBJECT_ID, APPLICATION_ID, UPDATE_DATE)
VALUES ('csmupt', 'CSM UPT Super Admin Application Protection Element', 'csmupt', 1, current_date);

INSERT INTO CSM_USER_PE (PROTECTION_ELEMENT_ID, USER_ID) VALUES (1,1);

INSERT INTO CSM_PRIVILEGE (PRIVILEGE_NAME, PRIVILEGE_DESCRIPTION, UPDATE_DATE)
VALUES('CREATE', 'This privilege grants permission to a user to create an entity. This entity can be an object, a database entry, or a resource such as a network connection', current_date);
  
INSERT INTO CSM_PRIVILEGE (PRIVILEGE_NAME, PRIVILEGE_DESCRIPTION, UPDATE_DATE)
VALUES('ACCESS', 'This privilege allows a user to access a particular resource.  Examples of resources include a network or database connection, socket, module of the application, or even the application itself', current_date);
  
INSERT INTO CSM_PRIVILEGE (PRIVILEGE_NAME, PRIVILEGE_DESCRIPTION, UPDATE_DATE)
VALUES('READ', 'This privilege permits the user to read data from a file, URL, database, an object, etc. This can be used at an entity level signifying that the user is allowed to read data about a particular entry', current_date);
  
INSERT INTO CSM_PRIVILEGE(PRIVILEGE_NAME, PRIVILEGE_DESCRIPTION, UPDATE_DATE)
VALUES('WRITE', 'This privilege allows a user to write data to a file, URL, database, an object, etc. This can be used at an entity level signifying that the user is allowed to write data about a particular entity', current_date);
  
INSERT INTO CSM_PRIVILEGE(PRIVILEGE_NAME, PRIVILEGE_DESCRIPTION, UPDATE_DATE)
VALUES('UPDATE', 'This privilege grants permission at an entity level and signifies that the user is allowed to update data for a particular entity. Entities may include an object, object attribute, database row etc', current_date);
  
INSERT INTO CSM_PRIVILEGE(PRIVILEGE_NAME, PRIVILEGE_DESCRIPTION, UPDATE_DATE)
VALUES('DELETE', 'This privilege permits a user to delete a logical entity. This entity can be an object, a database entry, a resource such as a network connection, etc', current_date);
  
INSERT INTO CSM_PRIVILEGE(PRIVILEGE_NAME, PRIVILEGE_DESCRIPTION, UPDATE_DATE)
VALUES('EXECUTE', 'This privilege allows a user to execute a particular resource. The resource can be a method, function, behavior of the application, URL, button etc', current_date);

INSERT INTO CSM_PRIVILEGE(PRIVILEGE_NAME, PRIVILEGE_DESCRIPTION, UPDATE_DATE)
VALUES('CLONE', 'This privilege allows a user to clone a particular resource. The resource can be a method, function, behavior of the application, URL, button etc', current_date);


INSERT INTO CSM_APPLICATION (APPLICATION_NAME, APPLICATION_DESCRIPTION, DECLARATIVE_FLAG, ACTIVE_FLAG, UPDATE_DATE, DATABASE_URL, DATABASE_USER_NAME, DATABASE_PASSWORD, DATABASE_DIALECT, DATABASE_DRIVER, CSM_VERSION)
VALUES ('caLIMS', 'caLIMS Application Description', '1', '1', current_date, 'jdbc:postgresql://localhost:5432/csmupt1', 'dbadmin', 'eLbzKYqoPYI=', 'org.hibernate.dialect.PostgreSQLDialect', 'org.postgresql.Driver', '42');

INSERT INTO CSM_USER (LOGIN_NAME, FIRST_NAME, LAST_NAME, PASSWORD,UPDATE_DATE)
VALUES ('calims2admin', 'visee', 'michael', 'zJPWCwDeSgG8j2uyHEABIQ==', current_date);

INSERT INTO CSM_PROTECTION_ELEMENT (PROTECTION_ELEMENT_NAME, PROTECTION_ELEMENT_DESCRIPTION, OBJECT_ID, APPLICATION_ID,UPDATE_DATE)
VALUES ('caLIMS', 'caLIMS Admin Application Protection Element', 'caLIMS', 1, current_date);

INSERT INTO CSM_USER_PE(PROTECTION_ELEMENT_ID, USER_ID) VALUES (2, 2);


INSERT INTO CSM_ROLE (ROLE_NAME,ROLE_DESCRIPTION,APPLICATION_ID,ACTIVE_FLAG)
(SELECT 'ROLE_ACCESS', 'ACCESS ONLY ROLE', APPLICATION_ID, 1 FROM CSM_APPLICATION WHERE application_NAME = 'caLIMS');

INSERT INTO CSM_ROLE_PRIVILEGE (ROLE_ID,PRIVILEGE_ID)
(SELECT ROLE_ID, PRIVILEGE_ID FROM CSM_ROLE ,CSM_PRIVILEGE WHERE ROLE_NAME = 'ROLE_ACCESS' AND PRIVILEGE_NAME = 'ACCESS');

INSERT INTO CSM_ROLE (ROLE_NAME,ROLE_DESCRIPTION,APPLICATION_ID,ACTIVE_FLAG)
(SELECT 'ROLE_CREATE', 'CREATE ONLY ROLE', APPLICATION_ID, 1 FROM CSM_APPLICATION WHERE application_NAME = 'caLIMS');

INSERT INTO CSM_ROLE_PRIVILEGE (ROLE_ID,PRIVILEGE_ID)
(SELECT ROLE_ID, PRIVILEGE_ID FROM CSM_ROLE ,CSM_PRIVILEGE WHERE ROLE_NAME = 'ROLE_CREATE' AND PRIVILEGE_NAME = 'CREATE');

INSERT INTO CSM_ROLE (ROLE_NAME,ROLE_DESCRIPTION,APPLICATION_ID,ACTIVE_FLAG)
(SELECT 'ROLE_UPDATE', 'UPDATE ONLY ROLE', APPLICATION_ID, 1 FROM CSM_APPLICATION WHERE application_NAME = 'caLIMS');

INSERT INTO CSM_ROLE_PRIVILEGE (ROLE_ID,PRIVILEGE_ID)
(SELECT ROLE_ID, PRIVILEGE_ID FROM CSM_ROLE ,CSM_PRIVILEGE WHERE ROLE_NAME = 'ROLE_UPDATE' AND PRIVILEGE_NAME = 'UPDATE');

INSERT INTO CSM_ROLE (ROLE_NAME,ROLE_DESCRIPTION,APPLICATION_ID,ACTIVE_FLAG)
(SELECT 'ROLE_DELETE', 'DELETE ONLY ROLE', APPLICATION_ID, 1 FROM CSM_APPLICATION WHERE application_NAME = 'caLIMS');

INSERT INTO CSM_ROLE_PRIVILEGE (ROLE_ID,PRIVILEGE_ID)
(SELECT ROLE_ID, PRIVILEGE_ID FROM CSM_ROLE ,CSM_PRIVILEGE WHERE ROLE_NAME = 'ROLE_DELETE' AND PRIVILEGE_NAME = 'DELETE');

INSERT INTO CSM_ROLE (ROLE_NAME,ROLE_DESCRIPTION,APPLICATION_ID,ACTIVE_FLAG)
(SELECT 'ROLE_CLONE', 'CLONE ONLY ROLE', APPLICATION_ID, 1 FROM CSM_APPLICATION WHERE application_NAME = 'caLIMS');

INSERT INTO CSM_ROLE_PRIVILEGE (ROLE_ID,PRIVILEGE_ID)
(SELECT ROLE_ID, PRIVILEGE_ID FROM CSM_ROLE ,CSM_PRIVILEGE WHERE ROLE_NAME = 'ROLE_CLONE' AND PRIVILEGE_NAME = 'CLONE');
--
-- Protection groups for caLIMS
--

INSERT INTO CSM_PROTECTION_ELEMENT (PROTECTION_ELEMENT_NAME, PROTECTION_ELEMENT_DESCRIPTION, OBJECT_ID, APPLICATION_ID, UPDATE_DATE)
(SELECT 'ROLE_USER', 'ROLE_USER for hello world', 'ROLE_USER', APPLICATION_ID, current_date FROM CSM_APPLICATION WHERE application_NAME = 'caLIMS');

INSERT INTO CSM_PROTECTION_ELEMENT (PROTECTION_ELEMENT_NAME, PROTECTION_ELEMENT_DESCRIPTION, OBJECT_ID, APPLICATION_ID, UPDATE_DATE)
(SELECT 'ROLE_ADMIN', 'ROLE_ADMIN for hello world', 'ROLE_ADMIN', APPLICATION_ID, current_date FROM CSM_APPLICATION WHERE application_NAME = 'caLIMS');

INSERT INTO CSM_PROTECTION_ELEMENT (PROTECTION_ELEMENT_NAME, PROTECTION_ELEMENT_DESCRIPTION, OBJECT_ID, APPLICATION_ID, UPDATE_DATE)
(SELECT 'ROLE_CUSTOMER_REQUEST', 'PE for customer requests', 'ROLE_CUSTOMER_REQUEST', APPLICATION_ID, current_date FROM CSM_APPLICATION WHERE application_NAME = 'caLIMS');

INSERT INTO CSM_PROTECTION_ELEMENT (PROTECTION_ELEMENT_NAME, PROTECTION_ELEMENT_DESCRIPTION, OBJECT_ID, APPLICATION_ID, UPDATE_DATE)
(SELECT 'ROLE_CUSTOMER_REQUEST_CUSTOMER', 'Pe for customers of CRs', 'ROLE_CUSTOMER_REQUEST_CUSTOMER', APPLICATION_ID, current_date FROM CSM_APPLICATION WHERE application_NAME = 'caLIMS');

INSERT INTO CSM_PROTECTION_ELEMENT (PROTECTION_ELEMENT_NAME, PROTECTION_ELEMENT_DESCRIPTION, OBJECT_ID, APPLICATION_ID, UPDATE_DATE)
(SELECT 'ROLE_CUSTOMER_REQUEST_MANAGER', 'Pe for managers of CRs', 'ROLE_CUSTOMER_REQUEST_MANAGER', APPLICATION_ID, current_date FROM CSM_APPLICATION WHERE application_NAME = 'caLIMS');

INSERT INTO CSM_PROTECTION_ELEMENT (PROTECTION_ELEMENT_NAME, PROTECTION_ELEMENT_DESCRIPTION, OBJECT_ID, APPLICATION_ID, UPDATE_DATE)
(SELECT 'ROLE_SERVICE', 'PE for services', 'ROLE_SERVICE', APPLICATION_ID, current_date FROM CSM_APPLICATION WHERE application_NAME = 'caLIMS');

INSERT INTO CSM_PROTECTION_ELEMENT (PROTECTION_ELEMENT_NAME, PROTECTION_ELEMENT_DESCRIPTION, OBJECT_ID, APPLICATION_ID, UPDATE_DATE)
(SELECT 'ROLE_SERVICE_ITEM', 'PE for service items', 'ROLE_SERVICE_ITEM', APPLICATION_ID, current_date FROM CSM_APPLICATION WHERE application_NAME = 'caLIMS');


INSERT INTO CSM_PROTECTION_GROUP (PROTECTION_GROUP_NAME, PROTECTION_GROUP_DESCRIPTION, LARGE_ELEMENT_COUNT_FLAG, APPLICATION_ID, UPDATE_DATE)
(SELECT PROTECTION_ELEMENT_NAME || ' PG', PROTECTION_ELEMENT_NAME || ' PG', 0, CSM_APPLICATION.APPLICATION_ID, current_date 
 FROM CSM_PROTECTION_ELEMENT, CSM_APPLICATION WHERE PROTECTION_ELEMENT_NAME like 'ROLE_%' and application_NAME = 'caLIMS');

INSERT INTO CSM_PG_PE (PROTECTION_GROUP_ID, PROTECTION_ELEMENT_ID)
(SELECT PROTECTION_GROUP_ID, PROTECTION_ELEMENT_ID 
 FROM CSM_PROTECTION_GROUP, CSM_PROTECTION_ELEMENT WHERE PROTECTION_GROUP_NAME = PROTECTION_ELEMENT_NAME || ' PG');

--
-- Groups for caLIMS
--

INSERT INTO CSM_GROUP(GROUP_NAME, GROUP_DESC, APPLICATION_ID)
(SELECT 'SuperUser', 'SuperUser', APPLICATION_ID FROM CSM_APPLICATION WHERE application_NAME = 'caLIMS');

INSERT INTO CSM_GROUP(GROUP_NAME, GROUP_DESC, APPLICATION_ID)
(SELECT 'Labmanager', 'Labmanager', APPLICATION_ID FROM CSM_APPLICATION WHERE application_NAME = 'caLIMS');

INSERT INTO CSM_GROUP(GROUP_NAME, GROUP_DESC, APPLICATION_ID)
(SELECT 'PI', 'PI', APPLICATION_ID FROM CSM_APPLICATION WHERE application_NAME = 'caLIMS');

INSERT INTO CSM_GROUP(GROUP_NAME, GROUP_DESC, APPLICATION_ID)
(SELECT 'Lab Researcher', 'Lab Researcher', APPLICATION_ID FROM CSM_APPLICATION WHERE application_NAME = 'caLIMS');

INSERT INTO CSM_GROUP(GROUP_NAME, GROUP_DESC, APPLICATION_ID)
(SELECT 'Guest', 'Guest', APPLICATION_ID FROM CSM_APPLICATION WHERE application_NAME = 'caLIMS');

INSERT INTO CSM_GROUP(GROUP_NAME, GROUP_DESC, APPLICATION_ID)
(SELECT 'Customer', 'Customer', APPLICATION_ID FROM CSM_APPLICATION WHERE application_NAME = 'caLIMS');


INSERT INTO CSM_USER (LOGIN_NAME, FIRST_NAME, LAST_NAME, PASSWORD, UPDATE_DATE)
VALUES ('superuser1', 'Super', 'User', 'zJPWCwDeSgG8j2uyHEABIQ==', current_date);

INSERT INTO CSM_USER (LOGIN_NAME, FIRST_NAME, LAST_NAME, PASSWORD, UPDATE_DATE)
VALUES ('labmanager1', 'Lab Manager', 'User', 'zJPWCwDeSgG8j2uyHEABIQ==', current_date);

INSERT INTO CSM_USER (LOGIN_NAME, FIRST_NAME, LAST_NAME, PASSWORD, UPDATE_DATE)
VALUES ('pi1', 'PI', 'User', 'zJPWCwDeSgG8j2uyHEABIQ==', current_date);

INSERT INTO CSM_USER (LOGIN_NAME, FIRST_NAME, LAST_NAME, PASSWORD, UPDATE_DATE)
VALUES ('labresearcher1', 'researcher', 'User', 'zJPWCwDeSgG8j2uyHEABIQ==', current_date);

INSERT INTO CSM_USER (LOGIN_NAME, FIRST_NAME, LAST_NAME, PASSWORD, UPDATE_DATE)
VALUES ('guest1', 'guest', 'User', 'zJPWCwDeSgG8j2uyHEABIQ==', current_date);

INSERT INTO CSM_USER (LOGIN_NAME, FIRST_NAME, LAST_NAME, PASSWORD, UPDATE_DATE)
VALUES ('customer1', 'customer1', 'User', 'zJPWCwDeSgG8j2uyHEABIQ==', current_date);

INSERT INTO CSM_USER (LOGIN_NAME, FIRST_NAME, LAST_NAME, PASSWORD, UPDATE_DATE)
VALUES ('customer2', 'customer2', 'User', 'zJPWCwDeSgG8j2uyHEABIQ==', current_date);

INSERT INTO CSM_USER_GROUP (GROUP_ID,USER_ID)
(SELECT GROUP_ID, USER_ID FROM CSM_GROUP, CSM_USER WHERE GROUP_NAME = 'SuperUser' AND LOGIN_NAME='superuser1');

INSERT INTO CSM_USER_GROUP (GROUP_ID,USER_ID)
(SELECT GROUP_ID, USER_ID FROM CSM_GROUP, CSM_USER WHERE GROUP_NAME = 'Labmanager' AND LOGIN_NAME='labmanager1');

INSERT INTO CSM_USER_GROUP (GROUP_ID,USER_ID)
(SELECT GROUP_ID, USER_ID FROM CSM_GROUP, CSM_USER WHERE GROUP_NAME = 'PI' AND LOGIN_NAME='pi1');

INSERT INTO CSM_USER_GROUP (GROUP_ID,USER_ID)
(SELECT GROUP_ID, USER_ID FROM CSM_GROUP, CSM_USER WHERE GROUP_NAME = 'Lab Researcher' AND LOGIN_NAME='labresearcher1');

INSERT INTO CSM_USER_GROUP (GROUP_ID,USER_ID)
(SELECT GROUP_ID, USER_ID FROM CSM_GROUP, CSM_USER WHERE GROUP_NAME = 'Guest' AND LOGIN_NAME='guest1');

INSERT INTO CSM_USER_GROUP (GROUP_ID,USER_ID)
(SELECT GROUP_ID, USER_ID FROM CSM_GROUP, CSM_USER WHERE GROUP_NAME = 'Customer' AND LOGIN_NAME='customer1');
INSERT INTO CSM_USER_GROUP (GROUP_ID,USER_ID)
(SELECT GROUP_ID, USER_ID FROM CSM_GROUP, CSM_USER WHERE GROUP_NAME = 'Customer' AND LOGIN_NAME='customer2');


--
-- Privileges for caLIMS
--

-- Privileges for SuperUser group

INSERT INTO CSM_USER_GROUP_ROLE_PG (GROUP_ID, ROLE_ID, PROTECTION_GROUP_ID, UPDATE_DATE)
(SELECT GROUP_ID, ROLE_ID, PROTECTION_GROUP_ID, current_date FROM CSM_GROUP, CSM_ROLE, CSM_PROTECTION_GROUP 
 WHERE GROUP_NAME = 'SuperUser' AND ROLE_NAME = 'ROLE_ACCESS' AND PROTECTION_GROUP_NAME = 'ROLE_USER PG');
 
INSERT INTO CSM_USER_GROUP_ROLE_PG (GROUP_ID, ROLE_ID, PROTECTION_GROUP_ID, UPDATE_DATE)
(SELECT GROUP_ID, ROLE_ID, PROTECTION_GROUP_ID, current_date FROM CSM_GROUP, CSM_ROLE, CSM_PROTECTION_GROUP 
 WHERE GROUP_NAME = 'SuperUser' AND ROLE_NAME = 'ROLE_ACCESS' AND PROTECTION_GROUP_NAME = 'ROLE_ADMIN PG');
 
INSERT INTO CSM_USER_GROUP_ROLE_PG (GROUP_ID, ROLE_ID, PROTECTION_GROUP_ID, UPDATE_DATE)
(SELECT GROUP_ID, ROLE_ID, PROTECTION_GROUP_ID, current_date FROM CSM_GROUP, CSM_ROLE, CSM_PROTECTION_GROUP 
 WHERE GROUP_NAME = 'SuperUser' AND ROLE_NAME = 'ROLE_ACCESS' AND PROTECTION_GROUP_NAME = 'ROLE_CUSTOMER_REQUEST PG');
 
INSERT INTO CSM_USER_GROUP_ROLE_PG (GROUP_ID, ROLE_ID, PROTECTION_GROUP_ID, UPDATE_DATE)
(SELECT GROUP_ID, ROLE_ID, PROTECTION_GROUP_ID, current_date FROM CSM_GROUP, CSM_ROLE, CSM_PROTECTION_GROUP 
 WHERE GROUP_NAME = 'SuperUser' AND ROLE_NAME = 'ROLE_CREATE' AND PROTECTION_GROUP_NAME = 'ROLE_CUSTOMER_REQUEST PG');
 
INSERT INTO CSM_USER_GROUP_ROLE_PG (GROUP_ID, ROLE_ID, PROTECTION_GROUP_ID, UPDATE_DATE)
(SELECT GROUP_ID, ROLE_ID, PROTECTION_GROUP_ID, current_date FROM CSM_GROUP, CSM_ROLE, CSM_PROTECTION_GROUP 
 WHERE GROUP_NAME = 'SuperUser' AND ROLE_NAME = 'ROLE_UPDATE' AND PROTECTION_GROUP_NAME = 'ROLE_CUSTOMER_REQUEST PG');
 
INSERT INTO CSM_USER_GROUP_ROLE_PG (GROUP_ID, ROLE_ID, PROTECTION_GROUP_ID, UPDATE_DATE)
(SELECT GROUP_ID, ROLE_ID, PROTECTION_GROUP_ID, current_date FROM CSM_GROUP, CSM_ROLE, CSM_PROTECTION_GROUP 
 WHERE GROUP_NAME = 'SuperUser' AND ROLE_NAME = 'ROLE_DELETE' AND PROTECTION_GROUP_NAME = 'ROLE_CUSTOMER_REQUEST PG');
 
INSERT INTO CSM_USER_GROUP_ROLE_PG (GROUP_ID, ROLE_ID, PROTECTION_GROUP_ID, UPDATE_DATE)
(SELECT GROUP_ID, ROLE_ID, PROTECTION_GROUP_ID, current_date FROM CSM_GROUP, CSM_ROLE, CSM_PROTECTION_GROUP 
 WHERE GROUP_NAME = 'SuperUser' AND ROLE_NAME = 'ROLE_ACCESS' AND PROTECTION_GROUP_NAME = 'ROLE_CUSTOMER_REQUEST_CUSTOMER PG');

 INSERT INTO CSM_USER_GROUP_ROLE_PG (GROUP_ID, ROLE_ID, PROTECTION_GROUP_ID, UPDATE_DATE)
(SELECT GROUP_ID, ROLE_ID, PROTECTION_GROUP_ID, current_date FROM CSM_GROUP, CSM_ROLE, CSM_PROTECTION_GROUP 
 WHERE GROUP_NAME = 'SuperUser' AND ROLE_NAME = 'ROLE_ACCESS' AND PROTECTION_GROUP_NAME = 'ROLE_CUSTOMER_REQUEST_MANAGER PG');

 INSERT INTO CSM_USER_GROUP_ROLE_PG (GROUP_ID, ROLE_ID, PROTECTION_GROUP_ID, UPDATE_DATE)
(SELECT GROUP_ID, ROLE_ID, PROTECTION_GROUP_ID, current_date FROM CSM_GROUP, CSM_ROLE, CSM_PROTECTION_GROUP 
 WHERE GROUP_NAME = 'SuperUser' AND ROLE_NAME = 'ROLE_ACCESS' AND PROTECTION_GROUP_NAME = 'ROLE_SERVICE PG');
 
 INSERT INTO CSM_USER_GROUP_ROLE_PG (GROUP_ID, ROLE_ID, PROTECTION_GROUP_ID, UPDATE_DATE)
(SELECT GROUP_ID, ROLE_ID, PROTECTION_GROUP_ID, current_date FROM CSM_GROUP, CSM_ROLE, CSM_PROTECTION_GROUP 
 WHERE GROUP_NAME = 'SuperUser' AND ROLE_NAME = 'ROLE_CREATE' AND PROTECTION_GROUP_NAME = 'ROLE_SERVICE PG');
 
INSERT INTO CSM_USER_GROUP_ROLE_PG (GROUP_ID, ROLE_ID, PROTECTION_GROUP_ID, UPDATE_DATE)
(SELECT GROUP_ID, ROLE_ID, PROTECTION_GROUP_ID, current_date FROM CSM_GROUP, CSM_ROLE, CSM_PROTECTION_GROUP 
 WHERE GROUP_NAME = 'SuperUser' AND ROLE_NAME = 'ROLE_UPDATE' AND PROTECTION_GROUP_NAME = 'ROLE_SERVICE PG');
 
INSERT INTO CSM_USER_GROUP_ROLE_PG (GROUP_ID, ROLE_ID, PROTECTION_GROUP_ID, UPDATE_DATE)
(SELECT GROUP_ID, ROLE_ID, PROTECTION_GROUP_ID, current_date FROM CSM_GROUP, CSM_ROLE, CSM_PROTECTION_GROUP 
 WHERE GROUP_NAME = 'SuperUser' AND ROLE_NAME = 'ROLE_DELETE' AND PROTECTION_GROUP_NAME = 'ROLE_SERVICE PG');
 
 INSERT INTO CSM_USER_GROUP_ROLE_PG (GROUP_ID, ROLE_ID, PROTECTION_GROUP_ID, UPDATE_DATE)
(SELECT GROUP_ID, ROLE_ID, PROTECTION_GROUP_ID, current_date FROM CSM_GROUP, CSM_ROLE, CSM_PROTECTION_GROUP 
 WHERE GROUP_NAME = 'SuperUser' AND ROLE_NAME = 'ROLE_CLONE' AND PROTECTION_GROUP_NAME = 'ROLE_SERVICE PG');

 INSERT INTO CSM_USER_GROUP_ROLE_PG (GROUP_ID, ROLE_ID, PROTECTION_GROUP_ID, UPDATE_DATE)
(SELECT GROUP_ID, ROLE_ID, PROTECTION_GROUP_ID, current_date FROM CSM_GROUP, CSM_ROLE, CSM_PROTECTION_GROUP 
 WHERE GROUP_NAME = 'SuperUser' AND ROLE_NAME = 'ROLE_ACCESS' AND PROTECTION_GROUP_NAME = 'ROLE_SERVICE_ITEM PG');
 
 INSERT INTO CSM_USER_GROUP_ROLE_PG (GROUP_ID, ROLE_ID, PROTECTION_GROUP_ID, UPDATE_DATE)
(SELECT GROUP_ID, ROLE_ID, PROTECTION_GROUP_ID, current_date FROM CSM_GROUP, CSM_ROLE, CSM_PROTECTION_GROUP 
 WHERE GROUP_NAME = 'SuperUser' AND ROLE_NAME = 'ROLE_CREATE' AND PROTECTION_GROUP_NAME = 'ROLE_SERVICE_ITEM PG');
 
INSERT INTO CSM_USER_GROUP_ROLE_PG (GROUP_ID, ROLE_ID, PROTECTION_GROUP_ID, UPDATE_DATE)
(SELECT GROUP_ID, ROLE_ID, PROTECTION_GROUP_ID, current_date FROM CSM_GROUP, CSM_ROLE, CSM_PROTECTION_GROUP 
 WHERE GROUP_NAME = 'SuperUser' AND ROLE_NAME = 'ROLE_UPDATE' AND PROTECTION_GROUP_NAME = 'ROLE_SERVICE_ITEM PG');
 
INSERT INTO CSM_USER_GROUP_ROLE_PG (GROUP_ID, ROLE_ID, PROTECTION_GROUP_ID, UPDATE_DATE)
(SELECT GROUP_ID, ROLE_ID, PROTECTION_GROUP_ID, current_date FROM CSM_GROUP, CSM_ROLE, CSM_PROTECTION_GROUP 
 WHERE GROUP_NAME = 'SuperUser' AND ROLE_NAME = 'ROLE_DELETE' AND PROTECTION_GROUP_NAME = 'ROLE_SERVICE_ITEM PG');

 -- Privileges for Labmanager group

INSERT INTO CSM_USER_GROUP_ROLE_PG (GROUP_ID, ROLE_ID, PROTECTION_GROUP_ID, UPDATE_DATE)
(SELECT GROUP_ID, ROLE_ID, PROTECTION_GROUP_ID, current_date FROM CSM_GROUP, CSM_ROLE, CSM_PROTECTION_GROUP 
 WHERE GROUP_NAME = 'Labmanager' AND ROLE_NAME = 'ROLE_ACCESS' AND PROTECTION_GROUP_NAME = 'ROLE_USER PG');
 
INSERT INTO CSM_USER_GROUP_ROLE_PG (GROUP_ID, ROLE_ID, PROTECTION_GROUP_ID, UPDATE_DATE)
(SELECT GROUP_ID, ROLE_ID, PROTECTION_GROUP_ID, current_date FROM CSM_GROUP, CSM_ROLE, CSM_PROTECTION_GROUP 
 WHERE GROUP_NAME = 'Labmanager' AND ROLE_NAME = 'ROLE_ACCESS' AND PROTECTION_GROUP_NAME = 'ROLE_ADMIN PG');
 
INSERT INTO CSM_USER_GROUP_ROLE_PG (GROUP_ID, ROLE_ID, PROTECTION_GROUP_ID, UPDATE_DATE)
(SELECT GROUP_ID, ROLE_ID, PROTECTION_GROUP_ID, current_date FROM CSM_GROUP, CSM_ROLE, CSM_PROTECTION_GROUP 
 WHERE GROUP_NAME = 'Labmanager' AND ROLE_NAME = 'ROLE_ACCESS' AND PROTECTION_GROUP_NAME = 'ROLE_CUSTOMER_REQUEST PG');

 INSERT INTO CSM_USER_GROUP_ROLE_PG (GROUP_ID, ROLE_ID, PROTECTION_GROUP_ID, UPDATE_DATE)
(SELECT GROUP_ID, ROLE_ID, PROTECTION_GROUP_ID, current_date FROM CSM_GROUP, CSM_ROLE, CSM_PROTECTION_GROUP 
 WHERE GROUP_NAME = 'Labmanager' AND ROLE_NAME = 'ROLE_CREATE' AND PROTECTION_GROUP_NAME = 'ROLE_CUSTOMER_REQUEST PG'); 

INSERT INTO CSM_USER_GROUP_ROLE_PG (GROUP_ID, ROLE_ID, PROTECTION_GROUP_ID, UPDATE_DATE)
(SELECT GROUP_ID, ROLE_ID, PROTECTION_GROUP_ID, current_date FROM CSM_GROUP, CSM_ROLE, CSM_PROTECTION_GROUP 
 WHERE GROUP_NAME = 'Labmanager' AND ROLE_NAME = 'ROLE_UPDATE' AND PROTECTION_GROUP_NAME = 'ROLE_CUSTOMER_REQUEST PG');

INSERT INTO CSM_USER_GROUP_ROLE_PG (GROUP_ID, ROLE_ID, PROTECTION_GROUP_ID, UPDATE_DATE)
(SELECT GROUP_ID, ROLE_ID, PROTECTION_GROUP_ID, current_date FROM CSM_GROUP, CSM_ROLE, CSM_PROTECTION_GROUP 
 WHERE GROUP_NAME = 'Labmanager' AND ROLE_NAME = 'ROLE_DELETE' AND PROTECTION_GROUP_NAME = 'ROLE_CUSTOMER_REQUEST PG');
 
--INSERT INTO CSM_USER_GROUP_ROLE_PG (GROUP_ID, ROLE_ID, PROTECTION_GROUP_ID, UPDATE_DATE)
--(SELECT GROUP_ID, ROLE_ID, PROTECTION_GROUP_ID, current_date FROM CSM_GROUP, CSM_ROLE, CSM_PROTECTION_GROUP 
-- WHERE GROUP_NAME = 'Labmanager' AND ROLE_NAME = 'ROLE_ACCESS' AND PROTECTION_GROUP_NAME = 'ROLE_CUSTOMER_REQUEST_CUSTOMER PG'); 
 
 INSERT INTO CSM_USER_GROUP_ROLE_PG (GROUP_ID, ROLE_ID, PROTECTION_GROUP_ID, UPDATE_DATE)
(SELECT GROUP_ID, ROLE_ID, PROTECTION_GROUP_ID, current_date FROM CSM_GROUP, CSM_ROLE, CSM_PROTECTION_GROUP 
 WHERE GROUP_NAME = 'Labmanager' AND ROLE_NAME = 'ROLE_ACCESS' AND PROTECTION_GROUP_NAME = 'ROLE_CUSTOMER_REQUEST_MANAGER PG');
 
 INSERT INTO CSM_USER_GROUP_ROLE_PG (GROUP_ID, ROLE_ID, PROTECTION_GROUP_ID, UPDATE_DATE)
(SELECT GROUP_ID, ROLE_ID, PROTECTION_GROUP_ID, current_date FROM CSM_GROUP, CSM_ROLE, CSM_PROTECTION_GROUP 
 WHERE GROUP_NAME = 'Labmanager' AND ROLE_NAME = 'ROLE_ACCESS' AND PROTECTION_GROUP_NAME = 'ROLE_SERVICE PG');
 
 INSERT INTO CSM_USER_GROUP_ROLE_PG (GROUP_ID, ROLE_ID, PROTECTION_GROUP_ID, UPDATE_DATE)
(SELECT GROUP_ID, ROLE_ID, PROTECTION_GROUP_ID, current_date FROM CSM_GROUP, CSM_ROLE, CSM_PROTECTION_GROUP 
 WHERE GROUP_NAME = 'Labmanager' AND ROLE_NAME = 'ROLE_CREATE' AND PROTECTION_GROUP_NAME = 'ROLE_SERVICE PG');
 
INSERT INTO CSM_USER_GROUP_ROLE_PG (GROUP_ID, ROLE_ID, PROTECTION_GROUP_ID, UPDATE_DATE)
(SELECT GROUP_ID, ROLE_ID, PROTECTION_GROUP_ID, current_date FROM CSM_GROUP, CSM_ROLE, CSM_PROTECTION_GROUP 
 WHERE GROUP_NAME = 'Labmanager' AND ROLE_NAME = 'ROLE_UPDATE' AND PROTECTION_GROUP_NAME = 'ROLE_SERVICE PG');
 
INSERT INTO CSM_USER_GROUP_ROLE_PG (GROUP_ID, ROLE_ID, PROTECTION_GROUP_ID, UPDATE_DATE)
(SELECT GROUP_ID, ROLE_ID, PROTECTION_GROUP_ID, current_date FROM CSM_GROUP, CSM_ROLE, CSM_PROTECTION_GROUP 
 WHERE GROUP_NAME = 'Labmanager' AND ROLE_NAME = 'ROLE_DELETE' AND PROTECTION_GROUP_NAME = 'ROLE_SERVICE PG');
 
 INSERT INTO CSM_USER_GROUP_ROLE_PG (GROUP_ID, ROLE_ID, PROTECTION_GROUP_ID, UPDATE_DATE)
(SELECT GROUP_ID, ROLE_ID, PROTECTION_GROUP_ID, current_date FROM CSM_GROUP, CSM_ROLE, CSM_PROTECTION_GROUP 
 WHERE GROUP_NAME = 'Labmanager' AND ROLE_NAME = 'ROLE_CLONE' AND PROTECTION_GROUP_NAME = 'ROLE_SERVICE PG');

 INSERT INTO CSM_USER_GROUP_ROLE_PG (GROUP_ID, ROLE_ID, PROTECTION_GROUP_ID, UPDATE_DATE)
(SELECT GROUP_ID, ROLE_ID, PROTECTION_GROUP_ID, current_date FROM CSM_GROUP, CSM_ROLE, CSM_PROTECTION_GROUP 
 WHERE GROUP_NAME = 'Labmanager' AND ROLE_NAME = 'ROLE_ACCESS' AND PROTECTION_GROUP_NAME = 'ROLE_SERVICE_ITEM PG');
 
 INSERT INTO CSM_USER_GROUP_ROLE_PG (GROUP_ID, ROLE_ID, PROTECTION_GROUP_ID, UPDATE_DATE)
(SELECT GROUP_ID, ROLE_ID, PROTECTION_GROUP_ID, current_date FROM CSM_GROUP, CSM_ROLE, CSM_PROTECTION_GROUP 
 WHERE GROUP_NAME = 'Labmanager' AND ROLE_NAME = 'ROLE_CREATE' AND PROTECTION_GROUP_NAME = 'ROLE_SERVICE_ITEM PG');
 
INSERT INTO CSM_USER_GROUP_ROLE_PG (GROUP_ID, ROLE_ID, PROTECTION_GROUP_ID, UPDATE_DATE)
(SELECT GROUP_ID, ROLE_ID, PROTECTION_GROUP_ID, current_date FROM CSM_GROUP, CSM_ROLE, CSM_PROTECTION_GROUP 
 WHERE GROUP_NAME = 'Labmanager' AND ROLE_NAME = 'ROLE_UPDATE' AND PROTECTION_GROUP_NAME = 'ROLE_SERVICE_ITEM PG');
 
INSERT INTO CSM_USER_GROUP_ROLE_PG (GROUP_ID, ROLE_ID, PROTECTION_GROUP_ID, UPDATE_DATE)
(SELECT GROUP_ID, ROLE_ID, PROTECTION_GROUP_ID, current_date FROM CSM_GROUP, CSM_ROLE, CSM_PROTECTION_GROUP 
 WHERE GROUP_NAME = 'Labmanager' AND ROLE_NAME = 'ROLE_DELETE' AND PROTECTION_GROUP_NAME = 'ROLE_SERVICE_ITEM PG');

-- Privileges for SuperUser group

INSERT INTO CSM_USER_GROUP_ROLE_PG (GROUP_ID, ROLE_ID, PROTECTION_GROUP_ID, UPDATE_DATE)
(SELECT GROUP_ID, ROLE_ID, PROTECTION_GROUP_ID, current_date FROM CSM_GROUP, CSM_ROLE, CSM_PROTECTION_GROUP 
 WHERE GROUP_NAME = 'Guest' AND ROLE_NAME = 'ROLE_ACCESS' AND PROTECTION_GROUP_NAME = 'ROLE_USER PG');
 
-- Privileges for Customer group

INSERT INTO CSM_USER_GROUP_ROLE_PG (GROUP_ID, ROLE_ID, PROTECTION_GROUP_ID, UPDATE_DATE)
(SELECT GROUP_ID, ROLE_ID, PROTECTION_GROUP_ID, current_date FROM CSM_GROUP, CSM_ROLE, CSM_PROTECTION_GROUP 
 WHERE GROUP_NAME = 'Customer' AND ROLE_NAME = 'ROLE_ACCESS' AND PROTECTION_GROUP_NAME = 'ROLE_USER PG');
 
--INSERT INTO CSM_USER_GROUP_ROLE_PG (GROUP_ID, ROLE_ID, PROTECTION_GROUP_ID, UPDATE_DATE)
--(SELECT GROUP_ID, ROLE_ID, PROTECTION_GROUP_ID, current_date FROM CSM_GROUP, CSM_ROLE, CSM_PROTECTION_GROUP 
-- WHERE GROUP_NAME = 'Customer' AND ROLE_NAME = 'ROLE_ACCESS' AND PROTECTION_GROUP_NAME = 'ROLE_ADMIN PG');
 
INSERT INTO CSM_USER_GROUP_ROLE_PG (GROUP_ID, ROLE_ID, PROTECTION_GROUP_ID, UPDATE_DATE)
(SELECT GROUP_ID, ROLE_ID, PROTECTION_GROUP_ID, current_date FROM CSM_GROUP, CSM_ROLE, CSM_PROTECTION_GROUP 
 WHERE GROUP_NAME = 'Customer' AND ROLE_NAME = 'ROLE_ACCESS' AND PROTECTION_GROUP_NAME = 'ROLE_CUSTOMER_REQUEST PG');

INSERT INTO CSM_USER_GROUP_ROLE_PG (GROUP_ID, ROLE_ID, PROTECTION_GROUP_ID, UPDATE_DATE)
(SELECT GROUP_ID, ROLE_ID, PROTECTION_GROUP_ID, current_date FROM CSM_GROUP, CSM_ROLE, CSM_PROTECTION_GROUP 
 WHERE GROUP_NAME = 'Customer' AND ROLE_NAME = 'ROLE_CREATE' AND PROTECTION_GROUP_NAME = 'ROLE_CUSTOMER_REQUEST PG');

INSERT INTO CSM_USER_GROUP_ROLE_PG (GROUP_ID, ROLE_ID, PROTECTION_GROUP_ID, UPDATE_DATE)
(SELECT GROUP_ID, ROLE_ID, PROTECTION_GROUP_ID, current_date FROM CSM_GROUP, CSM_ROLE, CSM_PROTECTION_GROUP 
 WHERE GROUP_NAME = 'Customer' AND ROLE_NAME = 'ROLE_UPDATE' AND PROTECTION_GROUP_NAME = 'ROLE_CUSTOMER_REQUEST PG');

INSERT INTO CSM_USER_GROUP_ROLE_PG (GROUP_ID, ROLE_ID, PROTECTION_GROUP_ID, UPDATE_DATE)
(SELECT GROUP_ID, ROLE_ID, PROTECTION_GROUP_ID, current_date FROM CSM_GROUP, CSM_ROLE, CSM_PROTECTION_GROUP 
 WHERE GROUP_NAME = 'Customer' AND ROLE_NAME = 'ROLE_DELETE' AND PROTECTION_GROUP_NAME = 'ROLE_CUSTOMER_REQUEST PG');

INSERT INTO CSM_USER_GROUP_ROLE_PG (GROUP_ID, ROLE_ID, PROTECTION_GROUP_ID, UPDATE_DATE)
(SELECT GROUP_ID, ROLE_ID, PROTECTION_GROUP_ID, current_date FROM CSM_GROUP, CSM_ROLE, CSM_PROTECTION_GROUP 
 WHERE GROUP_NAME = 'Customer' AND ROLE_NAME = 'ROLE_ACCESS' AND PROTECTION_GROUP_NAME = 'ROLE_CUSTOMER_REQUEST_CUSTOMER PG');

-- INSERT INTO CSM_USER_GROUP_ROLE_PG (GROUP_ID, ROLE_ID, PROTECTION_GROUP_ID, UPDATE_DATE)
-- (SELECT GROUP_ID, ROLE_ID, PROTECTION_GROUP_ID, current_date FROM CSM_GROUP, CSM_ROLE, CSM_PROTECTION_GROUP 
-- WHERE GROUP_NAME = 'Customer' AND ROLE_NAME = 'ROLE_ACCESS' AND PROTECTION_GROUP_NAME = 'ROLE_CUSTOMER_REQUEST_MANAGER PG'); 


INSERT INTO CSM_USER_GROUP_ROLE_PG (GROUP_ID, ROLE_ID, PROTECTION_GROUP_ID, UPDATE_DATE)
(SELECT GROUP_ID, ROLE_ID, PROTECTION_GROUP_ID, current_date FROM CSM_GROUP, CSM_ROLE, CSM_PROTECTION_GROUP 
 WHERE GROUP_NAME = 'Customer' AND ROLE_NAME = 'ROLE_UPDATE' AND PROTECTION_GROUP_NAME = 'ROLE_SERVICE PG');
 
INSERT INTO CSM_USER_GROUP_ROLE_PG (GROUP_ID, ROLE_ID, PROTECTION_GROUP_ID, UPDATE_DATE)
(SELECT GROUP_ID, ROLE_ID, PROTECTION_GROUP_ID, current_date FROM CSM_GROUP, CSM_ROLE, CSM_PROTECTION_GROUP 
 WHERE GROUP_NAME = 'Customer' AND ROLE_NAME = 'ROLE_DELETE' AND PROTECTION_GROUP_NAME = 'ROLE_SERVICE PG');
 
 INSERT INTO CSM_USER_GROUP_ROLE_PG (GROUP_ID, ROLE_ID, PROTECTION_GROUP_ID, UPDATE_DATE)
(SELECT GROUP_ID, ROLE_ID, PROTECTION_GROUP_ID, current_date FROM CSM_GROUP, CSM_ROLE, CSM_PROTECTION_GROUP 
 WHERE GROUP_NAME = 'Customer' AND ROLE_NAME = 'ROLE_CLONE' AND PROTECTION_GROUP_NAME = 'ROLE_SERVICE PG');

 INSERT INTO CSM_USER_GROUP_ROLE_PG (GROUP_ID, ROLE_ID, PROTECTION_GROUP_ID, UPDATE_DATE)
(SELECT GROUP_ID, ROLE_ID, PROTECTION_GROUP_ID, current_date FROM CSM_GROUP, CSM_ROLE, CSM_PROTECTION_GROUP 
 WHERE GROUP_NAME = 'Customer' AND ROLE_NAME = 'ROLE_ACCESS' AND PROTECTION_GROUP_NAME = 'ROLE_SERVICE_ITEM PG');
 
INSERT INTO CSM_USER_GROUP_ROLE_PG (GROUP_ID, ROLE_ID, PROTECTION_GROUP_ID, UPDATE_DATE)
(SELECT GROUP_ID, ROLE_ID, PROTECTION_GROUP_ID, current_date FROM CSM_GROUP, CSM_ROLE, CSM_PROTECTION_GROUP 
 WHERE GROUP_NAME = 'Customer' AND ROLE_NAME = 'ROLE_UPDATE' AND PROTECTION_GROUP_NAME = 'ROLE_SERVICE_ITEM PG');
 
INSERT INTO CSM_USER_GROUP_ROLE_PG (GROUP_ID, ROLE_ID, PROTECTION_GROUP_ID, UPDATE_DATE)
(SELECT GROUP_ID, ROLE_ID, PROTECTION_GROUP_ID, current_date FROM CSM_GROUP, CSM_ROLE, CSM_PROTECTION_GROUP 
 WHERE GROUP_NAME = 'Customer' AND ROLE_NAME = 'ROLE_DELETE' AND PROTECTION_GROUP_NAME = 'ROLE_SERVICE_ITEM PG');

INSERT INTO CSM_USER (LOGIN_NAME, FIRST_NAME, LAST_NAME, PASSWORD, UPDATE_DATE)
VALUES ('adminuser', 'Admin', 'User', 'zJPWCwDeSgG8j2uyHEABIQ==', current_date);

INSERT INTO CSM_USER_GROUP (GROUP_ID,USER_ID)
(SELECT GROUP_ID, USER_ID FROM CSM_GROUP, CSM_USER WHERE GROUP_NAME = 'SuperUser' AND LOGIN_NAME='adminuser');

INSERT INTO CSM_USER (LOGIN_NAME, FIRST_NAME, LAST_NAME, PASSWORD, UPDATE_DATE)
VALUES ('user03', 'No', 'User', 'zJPWCwDeSgG8j2uyHEABIQ==', current_date);





INSERT INTO type (id, createdby, datecreated, datemodified, modifiedby, description, displayname, name, dataelementcollection, status) VALUES (100000, 'adminuser', '2010-08-17 15:04:04.052', '2010-08-17 21:55:46.069', 'adminuser', '', 'Test Organization Type', 'Test Organization Type', 'ORGANIZATION', 'CURRENT');
INSERT INTO type (id, createdby, datecreated, datemodified, modifiedby, description, displayname, name, dataelementcollection, status) VALUES (100039, 'superuser1', '2010-08-20 03:49:49.516', NULL, NULL, 'CI to be used if primary CI not available.', 'Secondary', 'Secondary', 'CONTACTINFORMATION', 'CURRENT');
INSERT INTO type (id, createdby, datecreated, datemodified, modifiedby, description, displayname, name, dataelementcollection, status) VALUES (100040, 'superuser1', '2010-08-20 03:50:46.519', NULL, NULL, 'CI to be used in an emergency.', 'Emergency', 'Emergency', 'CONTACTINFORMATION', 'CURRENT');
INSERT INTO type (id, createdby, datecreated, datemodified, modifiedby, description, displayname, name, dataelementcollection, status) VALUES (100041, 'superuser1', '2010-08-20 03:54:03.616', NULL, NULL, '', 'Routine', 'Routine', 'CONTACTINFORMATION', 'CURRENT');
INSERT INTO type (id, createdby, datecreated, datemodified, modifiedby, description, displayname, name, dataelementcollection, status) VALUES (100038, 'superuser1', '2010-08-20 03:48:45.114', '2010-08-20 04:03:10.323', 'superuser1', 'First CI to be used.', 'Primary', 'Primary', 'CONTACTINFORMATION', 'DEFAULT');
INSERT INTO type (id, createdby, datecreated, datemodified, modifiedby, description, displayname, name, dataelementcollection, status) VALUES (100042, 'superuser1', '2010-08-20 04:05:42.811', NULL, NULL, 'For postal deliveries', 'Mail', 'Mail delivery', 'POSTALADDRESS', 'DEFAULT');
INSERT INTO type (id, createdby, datecreated, datemodified, modifiedby, description, displayname, name, dataelementcollection, status) VALUES (100045, 'superuser1', '2010-08-20 04:09:52.242', NULL, NULL, 'A telephone number that is used for identifying a destination fax machine in a telephone network.', 'Fax', 'Facsimile', 'TELEPHONENUMBER', 'CURRENT');
INSERT INTO type (id, createdby, datecreated, datemodified, modifiedby, description, displayname, name, dataelementcollection, status) VALUES (100046, 'superuser1', '2010-08-20 04:11:58.892', NULL, NULL, 'The sequence of numbers that when dialed, connects to a particular residential telephone.', 'Home', 'Home', 'TELEPHONENUMBER', 'CURRENT');
INSERT INTO type (id, createdby, datecreated, datemodified, modifiedby, description, displayname, name, dataelementcollection, status) VALUES (100047, 'superuser1', '2010-08-20 04:13:41.137', NULL, NULL, 'Phone number at place of occupation.', 'Work', 'Work', 'TELEPHONENUMBER', 'CURRENT');
INSERT INTO type (id, createdby, datecreated, datemodified, modifiedby, description, displayname, name, dataelementcollection, status) VALUES (100048, 'superuser1', '2010-08-20 04:15:26.029', NULL, NULL, 'The sequence of numbers that when dialed, connects to a particular cellular telephone.', 'Cellular', 'Cellular', 'TELEPHONENUMBER', 'CURRENT');
INSERT INTO type (id, createdby, datecreated, datemodified, modifiedby, description, displayname, name, dataelementcollection, status) VALUES (100049, 'superuser1', '2010-08-20 04:19:02.622', NULL, NULL, 'Small wireless radio receiver designed to be carried by a person and to display a short messages', 'Pager', 'Pager', 'TELEPHONENUMBER', 'CURRENT');
INSERT INTO type (id, createdby, datecreated, datemodified, modifiedby, description, displayname, name, dataelementcollection, status) VALUES (100050, 'superuser1', '2010-08-20 04:21:08.71', NULL, NULL, 'Mobile communications system.', 'Mobile Phone', 'Mobile Telephone', 'TELEPHONENUMBER', 'CURRENT');
INSERT INTO type (id, createdby, datecreated, datemodified, modifiedby, description, displayname, name, dataelementcollection, status) VALUES (100051, 'superuser1', '2010-08-20 04:22:44.38', NULL, NULL, 'An electronic device for converting between serial data from a computer and an audio signal.', 'Modem', 'Modem', 'TELEPHONENUMBER', 'CURRENT');
INSERT INTO type (id, createdby, datecreated, datemodified, modifiedby, description, displayname, name, dataelementcollection, status) VALUES (100052, 'superuser1', '2010-08-20 04:26:28.55', NULL, NULL, '', 'OS', 'Operating System', 'SOFTWARE', 'CURRENT');
INSERT INTO type (id, createdby, datecreated, datemodified, modifiedby, description, displayname, name, dataelementcollection, status) VALUES (100053, 'superuser1', '2010-08-20 04:27:22.193', NULL, NULL, '', 'DC', 'Data Collection', 'SOFTWARE', 'CURRENT');
INSERT INTO type (id, createdby, datecreated, datemodified, modifiedby, description, displayname, name, dataelementcollection, status) VALUES (100054, 'superuser1', '2010-08-20 04:28:07.141', NULL, NULL, '', 'IC', 'Instrument Controlling', 'SOFTWARE', 'CURRENT');
INSERT INTO type (id, createdby, datecreated, datemodified, modifiedby, description, displayname, name, dataelementcollection, status) VALUES (100055, 'superuser1', '2010-08-20 04:28:53.662', NULL, NULL, '', 'DA', 'Data Analysis', 'SOFTWARE', 'CURRENT');
INSERT INTO type (id, createdby, datecreated, datemodified, modifiedby, description, displayname, name, dataelementcollection, status) VALUES (100056, 'superuser1', '2010-08-20 04:29:47.612', NULL, NULL, '', 'WP', 'Word Processing', 'SOFTWARE', 'CURRENT');
INSERT INTO type (id, createdby, datecreated, datemodified, modifiedby, description, displayname, name, dataelementcollection, status) VALUES (100057, 'superuser1', '2010-08-20 04:30:42.561', NULL, NULL, '', 'IP', 'Image Processing', 'SOFTWARE', 'CURRENT');
INSERT INTO type (id, createdby, datecreated, datemodified, modifiedby, description, displayname, name, dataelementcollection, status) VALUES (100058, 'superuser1', '2010-08-20 04:31:14.205', NULL, NULL, '', 'Pro', 'Productivity', 'SOFTWARE', 'CURRENT');
INSERT INTO type (id, createdby, datecreated, datemodified, modifiedby, description, displayname, name, dataelementcollection, status) VALUES (100059, 'superuser1', '2010-08-20 04:35:55.792', NULL, NULL, '', '-80Freezer', '-80C Freezer', 'STORAGEDEVICE', 'CURRENT');
INSERT INTO type (id, createdby, datecreated, datemodified, modifiedby, description, displayname, name, dataelementcollection, status) VALUES (100060, 'superuser1', '2010-08-20 04:36:24.46', NULL, NULL, '', '-20Freezer', '-20C Freezer', 'STORAGEDEVICE', 'CURRENT');
INSERT INTO type (id, createdby, datecreated, datemodified, modifiedby, description, displayname, name, dataelementcollection, status) VALUES (100061, 'superuser1', '2010-08-20 04:37:04.242', NULL, NULL, '', '4C Coldbox', '4C Coldbox', 'STORAGEDEVICE', 'CURRENT');
INSERT INTO type (id, createdby, datecreated, datemodified, modifiedby, description, displayname, name, dataelementcollection, status) VALUES (100062, 'superuser1', '2010-08-20 04:37:44.025', NULL, NULL, '', 'LN Freezer', 'Liquid Nitrogen Freezer', 'STORAGEDEVICE', 'CURRENT');
INSERT INTO type (id, createdby, datecreated, datemodified, modifiedby, description, displayname, name, dataelementcollection, status) VALUES (100064, 'superuser1', '2010-08-20 04:41:15.239', NULL, NULL, '', 'Array Scanner', 'Automated Array/Chip Scanner', 'EQUIPMENT', 'CURRENT');
INSERT INTO type (id, createdby, datecreated, datemodified, modifiedby, description, displayname, name, dataelementcollection, status) VALUES (100065, 'superuser1', '2010-08-20 04:42:29.447', NULL, NULL, '', 'Sequence Detector', 'Automated Sequence Detector', 'EQUIPMENT', 'CURRENT');
INSERT INTO type (id, createdby, datecreated, datemodified, modifiedby, description, displayname, name, dataelementcollection, status) VALUES (100066, 'superuser1', '2010-08-20 04:43:34.895', NULL, NULL, '', 'Spectrophotometer', 'Spectrophotometer', 'EQUIPMENT', 'CURRENT');
INSERT INTO type (id, createdby, datecreated, datemodified, modifiedby, description, displayname, name, dataelementcollection, status) VALUES (100067, 'superuser1', '2010-08-20 04:44:43.417', NULL, NULL, '', 'HS Centrifuge', 'Hi-speed Centrifuge', 'EQUIPMENT', 'CURRENT');
INSERT INTO type (id, createdby, datecreated, datemodified, modifiedby, description, displayname, name, dataelementcollection, status) VALUES (100068, 'superuser1', '2010-08-20 04:45:37.067', NULL, NULL, '', 'Ultra-centrifuge', 'Ultra-centrifuge', 'EQUIPMENT', 'CURRENT');
INSERT INTO type (id, createdby, datecreated, datemodified, modifiedby, description, displayname, name, dataelementcollection, status) VALUES (100069, 'superuser1', '2010-08-20 04:46:41.637', NULL, NULL, '', 'Vacuum Device', 'Vacuum Device', 'EQUIPMENT', 'CURRENT');
INSERT INTO type (id, createdby, datecreated, datemodified, modifiedby, description, displayname, name, dataelementcollection, status) VALUES (100070, 'superuser1', '2010-08-20 04:47:34.37', NULL, NULL, '', 'TC', 'Thermacycler', 'EQUIPMENT', 'CURRENT');
INSERT INTO type (id, createdby, datecreated, datemodified, modifiedby, description, displayname, name, dataelementcollection, status) VALUES (100071, 'superuser1', '2010-08-20 04:49:42.197', NULL, NULL, '', 'Hyb Oven', 'Hybridization Oven', 'EQUIPMENT', 'CURRENT');
INSERT INTO type (id, createdby, datecreated, datemodified, modifiedby, description, displayname, name, dataelementcollection, status) VALUES (100072, 'superuser1', '2010-08-20 04:50:53.433', NULL, NULL, '', 'Fluidics Station', 'Fluidics Station', 'EQUIPMENT', 'CURRENT');
INSERT INTO type (id, createdby, datecreated, datemodified, modifiedby, description, displayname, name, dataelementcollection, status) VALUES (100073, 'superuser1', '2010-08-20 04:53:55.82', NULL, NULL, '', 'Table Centrifuge', 'Tabletop Centrifuge', 'EQUIPMENT', 'CURRENT');
INSERT INTO type (id, createdby, datecreated, datemodified, modifiedby, description, displayname, name, dataelementcollection, status) VALUES (100074, 'superuser1', '2010-08-20 04:56:11.375', NULL, NULL, '', 'Bldg', 'Building', 'STORAGESPACE', 'CURRENT');
INSERT INTO type (id, createdby, datecreated, datemodified, modifiedby, description, displayname, name, dataelementcollection, status) VALUES (100075, 'superuser1', '2010-08-20 04:56:35.66', NULL, NULL, '', 'Rm.', 'Room', 'STORAGESPACE', 'CURRENT');
INSERT INTO type (id, createdby, datecreated, datemodified, modifiedby, description, displayname, name, dataelementcollection, status) VALUES (100076, 'superuser1', '2010-08-20 04:56:58.271', NULL, NULL, '', 'Shelf', 'Shelf', 'STORAGESPACE', 'CURRENT');
INSERT INTO type (id, createdby, datecreated, datemodified, modifiedby, description, displayname, name, dataelementcollection, status) VALUES (100077, 'superuser1', '2010-08-20 04:57:25.669', NULL, NULL, '', 'Compartment', 'Compartment', 'STORAGESPACE', 'CURRENT');
INSERT INTO type (id, createdby, datecreated, datemodified, modifiedby, description, displayname, name, dataelementcollection, status) VALUES (100078, 'superuser1', '2010-08-20 04:59:04.862', NULL, NULL, '', 'Floor', 'Floor', 'STORAGESPACE', 'CURRENT');
INSERT INTO type (id, createdby, datecreated, datemodified, modifiedby, description, displayname, name, dataelementcollection, status) VALUES (100079, 'superuser1', '2010-08-20 04:59:49.516', NULL, NULL, '', 'Bay', 'Bay', 'STORAGESPACE', 'CURRENT');
INSERT INTO type (id, createdby, datecreated, datemodified, modifiedby, description, displayname, name, dataelementcollection, status) VALUES (100080, 'superuser1', '2010-08-20 05:02:59.136', NULL, NULL, '', 'T', 'Temperature', 'ENVIRONMENTLCONDITION', 'CURRENT');
INSERT INTO type (id, createdby, datecreated, datemodified, modifiedby, description, displayname, name, dataelementcollection, status) VALUES (100081, 'superuser1', '2010-08-20 05:03:22.144', NULL, NULL, '', 'Humidity', 'Humidity', 'ENVIRONMENTLCONDITION', 'CURRENT');
INSERT INTO type (id, createdby, datecreated, datemodified, modifiedby, description, displayname, name, dataelementcollection, status) VALUES (100082, 'superuser1', '2010-08-20 05:04:10.849', NULL, NULL, '', 'Photosensitivity', 'Photosensitivity', 'ENVIRONMENTLCONDITION', 'CURRENT');
INSERT INTO type (id, createdby, datecreated, datemodified, modifiedby, description, displayname, name, dataelementcollection, status) VALUES (100083, 'superuser1', '2010-08-20 05:04:44.458', NULL, NULL, '', 'O2', 'Oxygen Concentration', 'ENVIRONMENTLCONDITION', 'CURRENT');
INSERT INTO type (id, createdby, datecreated, datemodified, modifiedby, description, displayname, name, dataelementcollection, status) VALUES (100084, 'superuser1', '2010-08-20 05:05:10.945', NULL, NULL, '', 'CO2', 'Carbon Dioxide Concentration', 'ENVIRONMENTLCONDITION', 'CURRENT');
INSERT INTO type (id, createdby, datecreated, datemodified, modifiedby, description, displayname, name, dataelementcollection, status) VALUES (100085, 'superuser1', '2010-08-20 05:08:27.107', NULL, NULL, '', 'User', 'User', 'ACCOUNT', 'CURRENT');
INSERT INTO type (id, createdby, datecreated, datemodified, modifiedby, description, displayname, name, dataelementcollection, status) VALUES (100086, 'superuser1', '2010-08-20 05:09:09.423', NULL, NULL, '', 'Vendor', 'Vendor', 'ACCOUNT', 'CURRENT');
INSERT INTO type (id, createdby, datecreated, datemodified, modifiedby, description, displayname, name, dataelementcollection, status) VALUES (100087, 'superuser1', '2010-08-20 05:09:30.779', NULL, NULL, '', 'Customer', 'Customer', 'ACCOUNT', 'CURRENT');
INSERT INTO type (id, createdby, datecreated, datemodified, modifiedby, description, displayname, name, dataelementcollection, status) VALUES (100088, 'superuser1', '2010-08-20 05:09:59.507', NULL, NULL, '', 'Login', 'Login', 'ACCOUNT', 'CURRENT');
INSERT INTO type (id, createdby, datecreated, datemodified, modifiedby, description, displayname, name, dataelementcollection, status) VALUES (100089, 'superuser1', '2010-08-20 05:11:18.449', NULL, NULL, '', 'NIH CAN', 'NIH Central Accounting Number', 'ACCOUNTNUMBER', 'CURRENT');
INSERT INTO type (id, createdby, datecreated, datemodified, modifiedby, description, displayname, name, dataelementcollection, status) VALUES (100090, 'superuser1', '2010-08-20 05:11:52.796', NULL, NULL, '', 'NIH CCN', 'NIH Cost Center Number', 'ACCOUNTNUMBER', 'CURRENT');
INSERT INTO type (id, createdby, datecreated, datemodified, modifiedby, description, displayname, name, dataelementcollection, status) VALUES (100091, 'superuser1', '2010-08-20 05:12:52.77', NULL, NULL, '', 'Credit Card', 'Credit Card', 'ACCOUNTNUMBER', 'CURRENT');
INSERT INTO type (id, createdby, datecreated, datemodified, modifiedby, description, displayname, name, dataelementcollection, status) VALUES (100092, 'superuser1', '2010-08-20 05:13:52.212', NULL, NULL, '', 'Internal', 'Internal', 'ACCOUNTNUMBER', 'CURRENT');
INSERT INTO type (id, createdby, datecreated, datemodified, modifiedby, description, displayname, name, dataelementcollection, status) VALUES (100093, 'superuser1', '2010-08-20 05:15:19.156', NULL, NULL, '', 'Internal', 'Internal', 'CUSTOMERREQUEST', 'CURRENT');
INSERT INTO type (id, createdby, datecreated, datemodified, modifiedby, description, displayname, name, dataelementcollection, status) VALUES (100094, 'superuser1', '2010-08-20 05:15:38.975', NULL, NULL, '', 'External', 'External', 'CUSTOMERREQUEST', 'CURRENT');
INSERT INTO type (id, createdby, datecreated, datemodified, modifiedby, description, displayname, name, dataelementcollection, status) VALUES (100095, 'superuser1', '2010-08-20 05:18:03.717', NULL, NULL, '', 'Partial', 'Partial', 'INVOICE', 'CURRENT');
INSERT INTO type (id, createdby, datecreated, datemodified, modifiedby, description, displayname, name, dataelementcollection, status) VALUES (100096, 'superuser1', '2010-08-20 05:18:20.973', NULL, NULL, '', 'Final', 'Final', 'INVOICE', 'CURRENT');
INSERT INTO type (id, createdby, datecreated, datemodified, modifiedby, description, displayname, name, dataelementcollection, status) VALUES (100097, 'superuser1', '2010-08-20 05:18:38.956', NULL, NULL, '', 'Monthly', 'Monthly', 'INVOICE', 'CURRENT');
INSERT INTO type (id, createdby, datecreated, datemodified, modifiedby, description, displayname, name, dataelementcollection, status) VALUES (199578, 'superuser1', '2010-11-01 18:34:32.206', NULL, NULL, 'Slides designed for use in the laboratory.', 'Microscope Slide', 'Microscope Slide', 'CONTAINER', 'CURRENT');
INSERT INTO type (id, createdby, datecreated, datemodified, modifiedby, description, displayname, name, dataelementcollection, status) VALUES (100043, 'superuser1', '2010-08-20 04:06:33.895', '2010-08-23 16:35:09.023', 'labmanager1', 'for UPS/FedEx deliveries', 'Local Mail', 'Local Mail Delivery', 'POSTALADDRESS', 'CURRENT');
INSERT INTO type (id, createdby, datecreated, datemodified, modifiedby, description, displayname, name, dataelementcollection, status) VALUES (100100, 'superuser1', '2010-08-20 05:21:47.529', '2010-10-27 18:51:17.991', 'superuser1', 'Service Type for Quality Control.', 'Quality control', 'Quality control', 'SERVICE', 'CURRENT');
INSERT INTO type (id, createdby, datecreated, datemodified, modifiedby, description, displayname, name, dataelementcollection, status) VALUES (100101, 'superuser1', '2010-08-20 05:22:18.118', '2010-10-27 18:50:37.516', 'superuser1', 'Service type for Sample Quantification.', 'Quantification', 'Quantification', 'SERVICE', 'CURRENT');
INSERT INTO type (id, createdby, datecreated, datemodified, modifiedby, description, displayname, name, dataelementcollection, status) VALUES (100522, 'superuser1', '2010-10-06 22:36:30.389', NULL, NULL, '', 'RE site', 'Restriction Enzyme site', 'FEATURE', 'CURRENT');
INSERT INTO type (id, createdby, datecreated, datemodified, modifiedby, description, displayname, name, dataelementcollection, status) VALUES (199582, 'superuser1', '2010-11-01 21:45:13.629', NULL, NULL, 'Creating DNA/RNA libraries for genomic analyses', 'Library Construction', 'Library Construction', 'SERVICE', 'CURRENT');
INSERT INTO type (id, createdby, datecreated, datemodified, modifiedby, description, displayname, name, dataelementcollection, status) VALUES (100111, 'superuser1', '2010-08-20 05:34:14.104', NULL, NULL, '', 'MTA', 'Material Transfer Agreement', 'CONTRACT', 'CURRENT');
INSERT INTO type (id, createdby, datecreated, datemodified, modifiedby, description, displayname, name, dataelementcollection, status) VALUES (100112, 'superuser1', '2010-08-20 05:34:38.591', NULL, NULL, '', 'CDA', 'Confidential Disclosure Agreement', 'CONTRACT', 'CURRENT');
INSERT INTO type (id, createdby, datecreated, datemodified, modifiedby, description, displayname, name, dataelementcollection, status) VALUES (100113, 'superuser1', '2010-08-20 05:35:20.777', NULL, NULL, '', 'CRADA', 'Confidential Research and Development Agreement', 'CONTRACT', 'CURRENT');
INSERT INTO type (id, createdby, datecreated, datemodified, modifiedby, description, displayname, name, dataelementcollection, status) VALUES (100114, 'superuser1', '2010-08-20 05:36:10.411', NULL, NULL, '', 'Maintenance/Service', 'Maintenance and Service', 'CONTRACT', 'CURRENT');
INSERT INTO type (id, createdby, datecreated, datemodified, modifiedby, description, displayname, name, dataelementcollection, status) VALUES (100115, 'superuser1', '2010-08-20 05:36:39.355', NULL, NULL, '', 'Vendor', 'Vendor', 'CONTRACT', 'CURRENT');
INSERT INTO type (id, createdby, datecreated, datemodified, modifiedby, description, displayname, name, dataelementcollection, status) VALUES (100116, 'superuser1', '2010-08-20 05:39:43.647', NULL, NULL, '', 'Specimen', 'Specimen', 'NAMINGCONVENTION', 'CURRENT');
INSERT INTO type (id, createdby, datecreated, datemodified, modifiedby, description, displayname, name, dataelementcollection, status) VALUES (100117, 'superuser1', '2010-08-20 05:40:05.925', NULL, NULL, '', 'Equipment', 'Equipment', 'NAMINGCONVENTION', 'CURRENT');
INSERT INTO type (id, createdby, datecreated, datemodified, modifiedby, description, displayname, name, dataelementcollection, status) VALUES (100118, 'superuser1', '2010-08-20 05:45:03.242', NULL, NULL, '', 'Country', 'Country', 'LOCATION', 'CURRENT');
INSERT INTO type (id, createdby, datecreated, datemodified, modifiedby, description, displayname, name, dataelementcollection, status) VALUES (100119, 'superuser1', '2010-08-20 05:45:31.936', NULL, NULL, '', 'Cty', 'County', 'LOCATION', 'CURRENT');
INSERT INTO type (id, createdby, datecreated, datemodified, modifiedby, description, displayname, name, dataelementcollection, status) VALUES (100120, 'superuser1', '2010-08-20 05:45:55.647', NULL, NULL, '', 'Province', 'Province', 'LOCATION', 'CURRENT');
INSERT INTO type (id, createdby, datecreated, datemodified, modifiedby, description, displayname, name, dataelementcollection, status) VALUES (100121, 'superuser1', '2010-08-20 05:46:21.194', NULL, NULL, '', 'Region', 'Region', 'LOCATION', 'CURRENT');
INSERT INTO type (id, createdby, datecreated, datemodified, modifiedby, description, displayname, name, dataelementcollection, status) VALUES (100122, 'superuser1', '2010-08-20 05:46:45.536', NULL, NULL, '', 'Territory', 'Territory', 'LOCATION', 'CURRENT');
INSERT INTO type (id, createdby, datecreated, datemodified, modifiedby, description, displayname, name, dataelementcollection, status) VALUES (100123, 'superuser1', '2010-08-20 05:47:12.628', NULL, NULL, '', 'PO Box', 'Post Office Box', 'LOCATION', 'CURRENT');
INSERT INTO type (id, createdby, datecreated, datemodified, modifiedby, description, displayname, name, dataelementcollection, status) VALUES (100124, 'superuser1', '2010-08-20 05:47:37.957', NULL, NULL, '', 'City', 'City', 'LOCATION', 'CURRENT');
INSERT INTO type (id, createdby, datecreated, datemodified, modifiedby, description, displayname, name, dataelementcollection, status) VALUES (100125, 'superuser1', '2010-08-20 05:48:03.54', NULL, NULL, '', 'St.', 'Street', 'LOCATION', 'CURRENT');
INSERT INTO type (id, createdby, datecreated, datemodified, modifiedby, description, displayname, name, dataelementcollection, status) VALUES (100126, 'superuser1', '2010-08-20 05:48:41.316', NULL, NULL, '', 'Bldg.', 'Building', 'LOCATION', 'CURRENT');
INSERT INTO type (id, createdby, datecreated, datemodified, modifiedby, description, displayname, name, dataelementcollection, status) VALUES (100127, 'superuser1', '2010-08-20 05:49:02.869', NULL, NULL, '', 'Rm.', 'Room', 'LOCATION', 'CURRENT');
INSERT INTO type (id, createdby, datecreated, datemodified, modifiedby, description, displayname, name, dataelementcollection, status) VALUES (100128, 'superuser1', '2010-08-20 05:49:30.968', NULL, NULL, '', 'GPS', 'GPS Coordinates', 'LOCATION', 'CURRENT');
INSERT INTO type (id, createdby, datecreated, datemodified, modifiedby, description, displayname, name, dataelementcollection, status) VALUES (100129, 'superuser1', '2010-08-20 05:50:07.911', NULL, NULL, '', 'Map Coordinates', 'Cartographic Coordinates', 'LOCATION', 'CURRENT');
INSERT INTO type (id, createdby, datecreated, datemodified, modifiedby, description, displayname, name, dataelementcollection, status) VALUES (100136, 'adminuser', '2010-08-21 11:05:54.382', NULL, NULL, '', 'Test', 'Test', 'COLLABORATION', 'ALTERNATE');
INSERT INTO type (id, createdby, datecreated, datemodified, modifiedby, description, displayname, name, dataelementcollection, status) VALUES (100156, 'superuser1', '2010-08-23 15:16:52.812', NULL, NULL, 'Organization in the US Federal Government.', 'Federal Govt.', 'Federal Government', 'ORGANIZATION', 'CURRENT');
INSERT INTO type (id, createdby, datecreated, datemodified, modifiedby, description, displayname, name, dataelementcollection, status) VALUES (100157, 'superuser1', '2010-08-23 15:19:24.405', NULL, NULL, 'An established society, corporation, foundation or other organization founded and united for purpose', 'Institution', 'Institution', 'ORGANIZATION', 'CURRENT');
INSERT INTO type (id, createdby, datecreated, datemodified, modifiedby, description, displayname, name, dataelementcollection, status) VALUES (100158, 'superuser1', '2010-08-23 15:21:13.797', NULL, NULL, 'A large and diverse institution of higher learning created to educate.', 'University', 'University', 'ORGANIZATION', 'CURRENT');
INSERT INTO type (id, createdby, datecreated, datemodified, modifiedby, description, displayname, name, dataelementcollection, status) VALUES (100159, 'superuser1', '2010-08-23 15:23:59.002', NULL, NULL, 'Organization who manufactures, prepares, propagates, compounds, assembles, or processes a device.', 'Manufacturer', 'Manufacturer', 'ORGANIZATION', 'CURRENT');
INSERT INTO type (id, createdby, datecreated, datemodified, modifiedby, description, displayname, name, dataelementcollection, status) VALUES (100044, 'superuser1', '2010-08-20 04:07:40.64', '2010-08-23 16:36:43.236', 'labmanager1', 'The official mailing address. there may be a local mailing address for deliveries.', 'Official Mail', 'Official Mail', 'POSTALADDRESS', 'CURRENT');
INSERT INTO type (id, createdby, datecreated, datemodified, modifiedby, description, displayname, name, dataelementcollection, status) VALUES (100210, 'superuser1', '2010-08-24 14:10:41.79', NULL, NULL, 'A type of Storage Space that has 4 parts. each part is a quadrant.', 'Quadrant', 'Quadrant', 'STORAGESPACE', 'CURRENT');
INSERT INTO type (id, createdby, datecreated, datemodified, modifiedby, description, displayname, name, dataelementcollection, status) VALUES (100214, 'superuser1', '2010-08-24 15:26:55.5', NULL, NULL, 'Automated workstation for managing fluidics.', 'AFFW', 'Automated Fluidics Workstation', 'EQUIPMENT', 'CURRENT');
INSERT INTO type (id, createdby, datecreated, datemodified, modifiedby, description, displayname, name, dataelementcollection, status) VALUES (100219, 'superuser1', '2010-08-24 15:50:05.656', NULL, NULL, 'Naming convention applied to a plate record for data collection software.', 'Plate Record', 'Plate Record', 'NAMINGCONVENTION', 'CURRENT');
INSERT INTO type (id, createdby, datecreated, datemodified, modifiedby, description, displayname, name, dataelementcollection, status) VALUES (100500, 'superuser1', '2010-10-06 21:49:48.737', NULL, NULL, 'Additional name related to phenotype.', 'phenotypic', 'phenotypic', 'ADDITIONLORGANISMNAME', 'CURRENT');
INSERT INTO type (id, createdby, datecreated, datemodified, modifiedby, description, displayname, name, dataelementcollection, status) VALUES (100501, 'superuser1', '2010-10-06 21:50:53.25', NULL, NULL, '', 'synonym', 'synonym', 'ADDITIONLORGANISMNAME', 'CURRENT');
INSERT INTO type (id, createdby, datecreated, datemodified, modifiedby, description, displayname, name, dataelementcollection, status) VALUES (100502, 'superuser1', '2010-10-06 21:52:00.369', NULL, NULL, 'Common mispelling of organism name.', 'mispelling', 'misspelling', 'ADDITIONLORGANISMNAME', 'CURRENT');
INSERT INTO type (id, createdby, datecreated, datemodified, modifiedby, description, displayname, name, dataelementcollection, status) VALUES (100503, 'superuser1', '2010-10-06 21:56:47.471', NULL, NULL, '', 'monoclonal', 'monoclonal', 'ANTIBODY', 'CURRENT');
INSERT INTO type (id, createdby, datecreated, datemodified, modifiedby, description, displayname, name, dataelementcollection, status) VALUES (100504, 'superuser1', '2010-10-06 21:57:29.882', NULL, NULL, '', 'polyclonal', 'polyclonal', 'ANTIBODY', 'CURRENT');
INSERT INTO type (id, createdby, datecreated, datemodified, modifiedby, description, displayname, name, dataelementcollection, status) VALUES (100505, 'superuser1', '2010-10-06 22:13:52.769', NULL, NULL, '', 'tumor', 'tumor', 'ANTIGEN', 'CURRENT');
INSERT INTO type (id, createdby, datecreated, datemodified, modifiedby, description, displayname, name, dataelementcollection, status) VALUES (100506, 'superuser1', '2010-10-06 22:14:32.796', NULL, NULL, '', 'surface', 'surface', 'ANTIGEN', 'CURRENT');
INSERT INTO type (id, createdby, datecreated, datemodified, modifiedby, description, displayname, name, dataelementcollection, status) VALUES (100507, 'superuser1', '2010-10-06 22:14:59.772', NULL, NULL, '', 'vaccine', 'vaccine', 'ANTIGEN', 'CURRENT');
INSERT INTO type (id, createdby, datecreated, datemodified, modifiedby, description, displayname, name, dataelementcollection, status) VALUES (100508, 'superuser1', '2010-10-06 22:21:38.755', NULL, NULL, '', 'aldehyde', 'aldehyde', 'CARBOHYDRATE', 'CURRENT');
INSERT INTO type (id, createdby, datecreated, datemodified, modifiedby, description, displayname, name, dataelementcollection, status) VALUES (100509, 'superuser1', '2010-10-06 22:22:12.628', NULL, NULL, '', 'ketone', 'ketone', 'CARBOHYDRATE', 'CURRENT');
INSERT INTO type (id, createdby, datecreated, datemodified, modifiedby, description, displayname, name, dataelementcollection, status) VALUES (100510, 'superuser1', '2010-10-06 22:22:48.348', NULL, NULL, '', 'monosaccharide', 'monosaccharide', 'CARBOHYDRATE', 'CURRENT');
INSERT INTO type (id, createdby, datecreated, datemodified, modifiedby, description, displayname, name, dataelementcollection, status) VALUES (100511, 'superuser1', '2010-10-06 22:23:18.716', NULL, NULL, '', 'disaccharide', 'disaccharide', 'CARBOHYDRATE', 'CURRENT');
INSERT INTO type (id, createdby, datecreated, datemodified, modifiedby, description, displayname, name, dataelementcollection, status) VALUES (100512, 'superuser1', '2010-10-06 22:23:49.894', NULL, NULL, '', 'polysaccharide', 'polysaccharide', 'CARBOHYDRATE', 'CURRENT');
INSERT INTO type (id, createdby, datecreated, datemodified, modifiedby, description, displayname, name, dataelementcollection, status) VALUES (100513, 'superuser1', '2010-10-06 22:25:15', NULL, NULL, '', 'primary', 'primary', 'CELLSPECIMEN', 'CURRENT');
INSERT INTO type (id, createdby, datecreated, datemodified, modifiedby, description, displayname, name, dataelementcollection, status) VALUES (100514, 'superuser1', '2010-10-06 22:25:47.668', NULL, NULL, '', 'cell line', 'cell line', 'CELLSPECIMEN', 'CURRENT');
INSERT INTO type (id, createdby, datecreated, datemodified, modifiedby, description, displayname, name, dataelementcollection, status) VALUES (100515, 'superuser1', '2010-10-06 22:26:28.961', NULL, NULL, '', 'clone', 'clone', 'CELLSPECIMEN', 'CURRENT');
INSERT INTO type (id, createdby, datecreated, datemodified, modifiedby, description, displayname, name, dataelementcollection, status) VALUES (100516, 'superuser1', '2010-10-06 22:27:01.079', NULL, NULL, '', 'colony', 'colony', 'CELLSPECIMEN', 'CURRENT');
INSERT INTO type (id, createdby, datecreated, datemodified, modifiedby, description, displayname, name, dataelementcollection, status) VALUES (100517, 'superuser1', '2010-10-06 22:27:52.302', NULL, NULL, '', 'cryopreservedCell', 'cryopreservedCell', 'CELLSPECIMEN', 'CURRENT');
INSERT INTO type (id, createdby, datecreated, datemodified, modifiedby, description, displayname, name, dataelementcollection, status) VALUES (100518, 'superuser1', '2010-10-06 22:28:38.855', NULL, NULL, '', 'viral', 'viral', 'CELLSPECIMEN', 'CURRENT');
INSERT INTO type (id, createdby, datecreated, datemodified, modifiedby, description, displayname, name, dataelementcollection, status) VALUES (100519, 'superuser1', '2010-10-06 22:29:13.499', NULL, NULL, '', 'bacterial', 'bacterial', 'CELLSPECIMEN', 'CURRENT');
INSERT INTO type (id, createdby, datecreated, datemodified, modifiedby, description, displayname, name, dataelementcollection, status) VALUES (100520, 'superuser1', '2010-10-06 22:30:20.226', NULL, NULL, '', 'immortalized colonic epithelial cell line', 'immortalized colonic epithelial cell line', 'CELLSPECIMEN', 'CURRENT');
INSERT INTO type (id, createdby, datecreated, datemodified, modifiedby, description, displayname, name, dataelementcollection, status) VALUES (100521, 'superuser1', '2010-10-06 22:31:11.39', NULL, NULL, '', 'immortalized proximal intestinal myofibroblasts', 'immortalized proximal intestinal myofibroblasts', 'CELLSPECIMEN', 'CURRENT');
INSERT INTO type (id, createdby, datecreated, datemodified, modifiedby, description, displayname, name, dataelementcollection, status) VALUES (100107, 'superuser1', '2010-08-20 05:30:18.214', '2010-10-27 18:19:47.584', 'superuser1', 'A rate for internal members of a group.', 'Internal', 'Internal', 'RATE', 'CURRENT');
INSERT INTO type (id, createdby, datecreated, datemodified, modifiedby, description, displayname, name, dataelementcollection, status) VALUES (100110, 'superuser1', '2010-08-20 05:31:54.132', '2010-10-27 18:20:43.699', 'superuser1', 'A discounted rate.', 'Discount', 'Discount', 'RATE', 'CURRENT');
INSERT INTO type (id, createdby, datecreated, datemodified, modifiedby, description, displayname, name, dataelementcollection, status) VALUES (100104, 'superuser1', '2010-08-20 05:24:23.194', '2010-10-27 18:52:13.031', 'superuser1', 'Service Type for Consultation Service.', 'Consultation', 'Consultation', 'SERVICE', 'CURRENT');
INSERT INTO type (id, createdby, datecreated, datemodified, modifiedby, description, displayname, name, dataelementcollection, status) VALUES (100106, 'superuser1', '2010-08-20 05:27:39.11', '2010-10-27 18:52:43.858', 'superuser1', 'Service Type for Array-based SNP Genotype.', 'Array-based SNP GT', 'Array-based SNP Genotype', 'SERVICE', 'CURRENT');
INSERT INTO type (id, createdby, datecreated, datemodified, modifiedby, description, displayname, name, dataelementcollection, status) VALUES (100105, 'superuser1', '2010-08-20 05:26:36.842', '2010-10-27 18:53:47.882', 'superuser1', 'Service Type for Array-based Copy Number Variation.', 'Array-based CNV', 'Array-based Copy Number Variation', 'SERVICE', 'CURRENT');
INSERT INTO type (id, createdby, datecreated, datemodified, modifiedby, description, displayname, name, dataelementcollection, status) VALUES (100523, 'superuser1', '2010-10-06 22:37:15.768', NULL, NULL, '', 'AbBindingSite', 'Antibody Binding Site', 'FEATURE', 'CURRENT');
INSERT INTO type (id, createdby, datecreated, datemodified, modifiedby, description, displayname, name, dataelementcollection, status) VALUES (100524, 'superuser1', '2010-10-06 22:39:03.193', NULL, NULL, '', 'c-terminus', 'Carboxy-Terminus', 'FEATURE', 'CURRENT');
INSERT INTO type (id, createdby, datecreated, datemodified, modifiedby, description, displayname, name, dataelementcollection, status) VALUES (100525, 'superuser1', '2010-10-06 22:42:28.879', NULL, NULL, 'The N-terminus (also known as the amino-terminus, NH2-terminus, N-terminal end or amine-terminus).', 'n-terminus', 'Amino-Terminus', 'FEATURE', 'CURRENT');
INSERT INTO type (id, createdby, datecreated, datemodified, modifiedby, description, displayname, name, dataelementcollection, status) VALUES (100526, 'superuser1', '2010-10-06 22:47:31.95', NULL, NULL, '', 'word processing', 'word processing', 'FILEEXTENSION', 'CURRENT');
INSERT INTO type (id, createdby, datecreated, datemodified, modifiedby, description, displayname, name, dataelementcollection, status) VALUES (100527, 'superuser1', '2010-10-06 22:47:52.263', NULL, NULL, '', 'spreadsheet', 'spreadsheet', 'FILEEXTENSION', 'CURRENT');
INSERT INTO type (id, createdby, datecreated, datemodified, modifiedby, description, displayname, name, dataelementcollection, status) VALUES (100528, 'superuser1', '2010-10-06 22:48:11.749', NULL, NULL, '', 'database', 'database', 'FILEEXTENSION', 'CURRENT');
INSERT INTO type (id, createdby, datecreated, datemodified, modifiedby, description, displayname, name, dataelementcollection, status) VALUES (100529, 'superuser1', '2010-10-06 22:48:33.354', NULL, NULL, '', 'data', 'data', 'FILEEXTENSION', 'CURRENT');
INSERT INTO type (id, createdby, datecreated, datemodified, modifiedby, description, displayname, name, dataelementcollection, status) VALUES (100530, 'superuser1', '2010-10-06 22:49:27.995', NULL, NULL, '', 'imaging/graphics', 'imaging/graphics', 'FILEEXTENSION', 'CURRENT');
INSERT INTO type (id, createdby, datecreated, datemodified, modifiedby, description, displayname, name, dataelementcollection, status) VALUES (100531, 'superuser1', '2010-10-06 22:49:55.379', NULL, NULL, '', 'data compression/archive', 'data compression/archive', 'FILEEXTENSION', 'CURRENT');
INSERT INTO type (id, createdby, datecreated, datemodified, modifiedby, description, displayname, name, dataelementcollection, status) VALUES (100532, 'superuser1', '2010-10-06 22:51:15.95', NULL, NULL, '', 'blood', 'blood', 'FLUIDSPECIMEN', 'CURRENT');
INSERT INTO type (id, createdby, datecreated, datemodified, modifiedby, description, displayname, name, dataelementcollection, status) VALUES (100533, 'superuser1', '2010-10-06 22:51:40.534', NULL, NULL, '', 'plasma', 'plasma', 'FLUIDSPECIMEN', 'CURRENT');
INSERT INTO type (id, createdby, datecreated, datemodified, modifiedby, description, displayname, name, dataelementcollection, status) VALUES (100534, 'superuser1', '2010-10-06 22:51:55.576', NULL, NULL, '', 'serum', 'serum', 'FLUIDSPECIMEN', 'CURRENT');
INSERT INTO type (id, createdby, datecreated, datemodified, modifiedby, description, displayname, name, dataelementcollection, status) VALUES (100535, 'superuser1', '2010-10-06 22:52:31.088', NULL, NULL, '', 'urine', 'urine', 'FLUIDSPECIMEN', 'CURRENT');
INSERT INTO type (id, createdby, datecreated, datemodified, modifiedby, description, displayname, name, dataelementcollection, status) VALUES (100536, 'superuser1', '2010-10-06 22:53:04.474', NULL, NULL, '', 'saliva', 'saliva', 'FLUIDSPECIMEN', 'CURRENT');
INSERT INTO type (id, createdby, datecreated, datemodified, modifiedby, description, displayname, name, dataelementcollection, status) VALUES (100537, 'superuser1', '2010-10-06 22:53:41.449', NULL, NULL, '', 'exudate', 'exudate', 'FLUIDSPECIMEN', 'CURRENT');
INSERT INTO type (id, createdby, datecreated, datemodified, modifiedby, description, displayname, name, dataelementcollection, status) VALUES (100538, 'superuser1', '2010-10-06 22:54:22.18', NULL, NULL, '', 'gastric fluid', 'gastric fluid', 'FLUIDSPECIMEN', 'CURRENT');
INSERT INTO type (id, createdby, datecreated, datemodified, modifiedby, description, displayname, name, dataelementcollection, status) VALUES (100539, 'superuser1', '2010-10-06 22:55:06.884', NULL, NULL, '', 'broncheolar lavage fluid', 'broncheolar lavage fluid', 'FLUIDSPECIMEN', 'CURRENT');
INSERT INTO type (id, createdby, datecreated, datemodified, modifiedby, description, displayname, name, dataelementcollection, status) VALUES (100540, 'superuser1', '2010-10-06 22:55:38.863', NULL, NULL, '', 'lysate', 'lysate', 'FLUIDSPECIMEN', 'CURRENT');
INSERT INTO type (id, createdby, datecreated, datemodified, modifiedby, description, displayname, name, dataelementcollection, status) VALUES (100541, 'superuser1', '2010-10-06 22:56:15.474', NULL, NULL, '', 'extract', 'extract', 'FLUIDSPECIMEN', 'CURRENT');
INSERT INTO type (id, createdby, datecreated, datemodified, modifiedby, description, displayname, name, dataelementcollection, status) VALUES (100542, 'superuser1', '2010-10-06 22:59:49.544', NULL, NULL, '', 'radioactive', 'radioactive', 'HAZARD', 'CURRENT');
INSERT INTO type (id, createdby, datecreated, datemodified, modifiedby, description, displayname, name, dataelementcollection, status) VALUES (100543, 'superuser1', '2010-10-06 23:00:21.351', NULL, NULL, '', 'infectious', 'infectious', 'HAZARD', 'CURRENT');
INSERT INTO type (id, createdby, datecreated, datemodified, modifiedby, description, displayname, name, dataelementcollection, status) VALUES (100544, 'superuser1', '2010-10-06 23:00:58.594', NULL, NULL, '', 'toxic', 'toxic', 'HAZARD', 'CURRENT');
INSERT INTO type (id, createdby, datecreated, datemodified, modifiedby, description, displayname, name, dataelementcollection, status) VALUES (100545, 'superuser1', '2010-10-06 23:01:26.246', NULL, NULL, '', 'carcinogenic', 'carcinogenic', 'HAZARD', 'CURRENT');
INSERT INTO type (id, createdby, datecreated, datemodified, modifiedby, description, displayname, name, dataelementcollection, status) VALUES (100546, 'superuser1', '2010-10-06 23:01:47.873', NULL, NULL, '', 'mutagenic', 'mutagenic', 'HAZARD', 'CURRENT');
INSERT INTO type (id, createdby, datecreated, datemodified, modifiedby, description, displayname, name, dataelementcollection, status) VALUES (100547, 'superuser1', '2010-10-06 23:03:39.701', NULL, NULL, '', 'PPD', 'personal protective device', 'LABSUPPLY', 'CURRENT');
INSERT INTO type (id, createdby, datecreated, datemodified, modifiedby, description, displayname, name, dataelementcollection, status) VALUES (100548, 'superuser1', '2010-10-06 23:04:11.998', NULL, NULL, '', 'sealer', 'sealer', 'LABSUPPLY', 'CURRENT');
INSERT INTO type (id, createdby, datecreated, datemodified, modifiedby, description, displayname, name, dataelementcollection, status) VALUES (100549, 'superuser1', '2010-10-06 23:04:32.794', NULL, NULL, '', 'plate', 'plate', 'LABSUPPLY', 'CURRENT');
INSERT INTO type (id, createdby, datecreated, datemodified, modifiedby, description, displayname, name, dataelementcollection, status) VALUES (100550, 'superuser1', '2010-10-06 23:05:07.835', NULL, NULL, '', 'microarray', 'microarray', 'LABSUPPLY', 'CURRENT');
INSERT INTO type (id, createdby, datecreated, datemodified, modifiedby, description, displayname, name, dataelementcollection, status) VALUES (100551, 'superuser1', '2010-10-06 23:06:44.365', NULL, NULL, '', 'glyceride', 'glyceride', 'LIPID', 'CURRENT');
INSERT INTO type (id, createdby, datecreated, datemodified, modifiedby, description, displayname, name, dataelementcollection, status) VALUES (100552, 'superuser1', '2010-10-06 23:07:15.841', NULL, NULL, '', 'liposome', 'liposome', 'LIPID', 'CURRENT');
INSERT INTO type (id, createdby, datecreated, datemodified, modifiedby, description, displayname, name, dataelementcollection, status) VALUES (100553, 'superuser1', '2010-10-06 23:07:45.849', NULL, NULL, '', 'nanosome', 'nanosome', 'LIPID', 'CURRENT');
INSERT INTO type (id, createdby, datecreated, datemodified, modifiedby, description, displayname, name, dataelementcollection, status) VALUES (100554, 'superuser1', '2010-10-06 23:08:07.246', NULL, NULL, '', 'bilayer', 'bilayer', 'LIPID', 'CURRENT');
INSERT INTO type (id, createdby, datecreated, datemodified, modifiedby, description, displayname, name, dataelementcollection, status) VALUES (100555, 'superuser1', '2010-10-06 23:10:24.762', NULL, NULL, '', 'nanoparticle', 'nanoparticle', 'NANOMATERIAL', 'DEFAULT');
INSERT INTO type (id, createdby, datecreated, datemodified, modifiedby, description, displayname, name, dataelementcollection, status) VALUES (100556, 'superuser1', '2010-10-06 23:11:59.048', NULL, NULL, '', 'oligo', 'oligonucleotide', 'NUCLEICACID', 'CURRENT');
INSERT INTO type (id, createdby, datecreated, datemodified, modifiedby, description, displayname, name, dataelementcollection, status) VALUES (100557, 'superuser1', '2010-10-06 23:12:22.765', NULL, NULL, '', 'plasmid', 'plasmid', 'NUCLEICACID', 'CURRENT');
INSERT INTO type (id, createdby, datecreated, datemodified, modifiedby, description, displayname, name, dataelementcollection, status) VALUES (100558, 'superuser1', '2010-10-06 23:12:52.069', NULL, NULL, '', 'cosmid', 'cosmid', 'NUCLEICACID', 'CURRENT');
INSERT INTO type (id, createdby, datecreated, datemodified, modifiedby, description, displayname, name, dataelementcollection, status) VALUES (100559, 'superuser1', '2010-10-06 23:13:22.786', NULL, NULL, '', 'transgene', 'transgene', 'NUCLEICACID', 'CURRENT');
INSERT INTO type (id, createdby, datecreated, datemodified, modifiedby, description, displayname, name, dataelementcollection, status) VALUES (100560, 'superuser1', '2010-10-06 23:14:28.217', NULL, NULL, '', 'BAC', 'bacterial artificial chromosome (BAC)', 'NUCLEICACID', 'CURRENT');
INSERT INTO type (id, createdby, datecreated, datemodified, modifiedby, description, displayname, name, dataelementcollection, status) VALUES (100561, 'superuser1', '2010-10-06 23:14:58.064', NULL, NULL, '', 'YAC', 'yeast artificial chromosome (YAC)', 'NUCLEICACID', 'CURRENT');
INSERT INTO type (id, createdby, datecreated, datemodified, modifiedby, description, displayname, name, dataelementcollection, status) VALUES (100562, 'superuser1', '2010-10-06 23:15:41.195', NULL, NULL, '', 'chromosome', 'chromosome', 'NUCLEICACID', 'CURRENT');
INSERT INTO type (id, createdby, datecreated, datemodified, modifiedby, description, displayname, name, dataelementcollection, status) VALUES (100563, 'superuser1', '2010-10-06 23:16:11.46', NULL, NULL, '', 'genome', 'genome', 'NUCLEICACID', 'CURRENT');
INSERT INTO type (id, createdby, datecreated, datemodified, modifiedby, description, displayname, name, dataelementcollection, status) VALUES (100564, 'superuser1', '2010-10-06 23:16:47.802', NULL, NULL, '', 'mRNA', 'messenger RNA', 'NUCLEICACID', 'CURRENT');
INSERT INTO type (id, createdby, datecreated, datemodified, modifiedby, description, displayname, name, dataelementcollection, status) VALUES (100565, 'superuser1', '2010-10-06 23:17:17.649', NULL, NULL, '', 'tRNA', 'transfer RNA', 'NUCLEICACID', 'CURRENT');
INSERT INTO type (id, createdby, datecreated, datemodified, modifiedby, description, displayname, name, dataelementcollection, status) VALUES (100566, 'superuser1', '2010-10-06 23:17:49.166', NULL, NULL, '', 'miRNA', 'micro RNA', 'NUCLEICACID', 'CURRENT');
INSERT INTO type (id, createdby, datecreated, datemodified, modifiedby, description, displayname, name, dataelementcollection, status) VALUES (100567, 'superuser1', '2010-10-06 23:18:13.113', NULL, NULL, '', 'DNA', 'DNA', 'NUCLEICACID', 'DEFAULT');
INSERT INTO type (id, createdby, datecreated, datemodified, modifiedby, description, displayname, name, dataelementcollection, status) VALUES (100568, 'superuser1', '2010-10-06 23:18:40.785', NULL, NULL, '', 'siRNA', 'siRNA', 'NUCLEICACID', 'CURRENT');
INSERT INTO type (id, createdby, datecreated, datemodified, modifiedby, description, displayname, name, dataelementcollection, status) VALUES (100569, 'superuser1', '2010-10-06 23:20:02.265', NULL, NULL, '', 'primary', 'primary', 'PCRPRODUCT', 'CURRENT');
INSERT INTO type (id, createdby, datecreated, datemodified, modifiedby, description, displayname, name, dataelementcollection, status) VALUES (100570, 'superuser1', '2010-10-06 23:20:21.283', NULL, NULL, '', 'nested', 'nested', 'PCRPRODUCT', 'CURRENT');
INSERT INTO type (id, createdby, datecreated, datemodified, modifiedby, description, displayname, name, dataelementcollection, status) VALUES (100571, 'superuser1', '2010-10-06 23:21:56.74', NULL, NULL, '', 'instrument', 'instrument', 'PARAMETER', 'CURRENT');
INSERT INTO type (id, createdby, datecreated, datemodified, modifiedby, description, displayname, name, dataelementcollection, status) VALUES (100572, 'superuser1', '2010-10-06 23:22:21.462', NULL, NULL, '', 'software', 'software', 'PARAMETER', 'DEFAULT');
INSERT INTO type (id, createdby, datecreated, datemodified, modifiedby, description, displayname, name, dataelementcollection, status) VALUES (100573, 'superuser1', '2010-10-06 23:51:01.529', NULL, NULL, '', 'amplification', 'amplification', 'PRIMER', 'CURRENT');
INSERT INTO type (id, createdby, datecreated, datemodified, modifiedby, description, displayname, name, dataelementcollection, status) VALUES (100574, 'superuser1', '2010-10-06 23:51:29.088', NULL, NULL, '', 'sequencing', 'sequencing', 'PRIMER', 'CURRENT');
INSERT INTO type (id, createdby, datecreated, datemodified, modifiedby, description, displayname, name, dataelementcollection, status) VALUES (100575, 'superuser1', '2010-10-06 23:52:00.603', NULL, NULL, '', 'interrogating', 'interrogating', 'PRIMER', 'CURRENT');
INSERT INTO type (id, createdby, datecreated, datemodified, modifiedby, description, displayname, name, dataelementcollection, status) VALUES (100576, 'superuser1', '2010-10-06 23:53:04.244', NULL, NULL, '', 'structural', 'structural', 'PROTEIN', 'CURRENT');
INSERT INTO type (id, createdby, datecreated, datemodified, modifiedby, description, displayname, name, dataelementcollection, status) VALUES (100577, 'superuser1', '2010-10-06 23:53:30.294', NULL, NULL, '', 'enzyme', 'enzyme', 'PROTEIN', 'CURRENT');
INSERT INTO type (id, createdby, datecreated, datemodified, modifiedby, description, displayname, name, dataelementcollection, status) VALUES (100578, 'superuser1', '2010-10-06 23:53:58.441', NULL, NULL, '', 'cell signaling', 'cell signaling', 'PROTEIN', 'CURRENT');
INSERT INTO type (id, createdby, datecreated, datemodified, modifiedby, description, displayname, name, dataelementcollection, status) VALUES (100579, 'superuser1', '2010-10-06 23:54:41.276', NULL, NULL, '', 'transport', 'transport', 'PROTEIN', 'CURRENT');
INSERT INTO type (id, createdby, datecreated, datemodified, modifiedby, description, displayname, name, dataelementcollection, status) VALUES (100580, 'superuser1', '2010-10-06 23:56:23.299', NULL, NULL, '', 'drug', 'drug', 'SMALLMOLECULE', 'CURRENT');
INSERT INTO type (id, createdby, datecreated, datemodified, modifiedby, description, displayname, name, dataelementcollection, status) VALUES (100581, 'superuser1', '2010-10-06 23:56:50.8', NULL, NULL, '', 'prodrug', 'prodrug', 'SMALLMOLECULE', 'CURRENT');
INSERT INTO type (id, createdby, datecreated, datemodified, modifiedby, description, displayname, name, dataelementcollection, status) VALUES (100582, 'superuser1', '2010-10-06 23:57:16.761', NULL, NULL, '', 'antiviral', 'antiviral', 'SMALLMOLECULE', 'CURRENT');
INSERT INTO type (id, createdby, datecreated, datemodified, modifiedby, description, displayname, name, dataelementcollection, status) VALUES (100583, 'superuser1', '2010-10-06 23:57:50.488', NULL, NULL, '', 'anticarcinogenic', 'anticarcinogenic', 'SMALLMOLECULE', 'CURRENT');
INSERT INTO type (id, createdby, datecreated, datemodified, modifiedby, description, displayname, name, dataelementcollection, status) VALUES (100584, 'superuser1', '2010-10-06 23:58:16.333', NULL, NULL, '', 'cell signalling', 'cell signalling', 'SMALLMOLECULE', 'CURRENT');
INSERT INTO type (id, createdby, datecreated, datemodified, modifiedby, description, displayname, name, dataelementcollection, status) VALUES (100585, 'superuser1', '2010-10-06 23:58:40.173', NULL, NULL, '', 'antioxidant', 'antioxidant', 'SMALLMOLECULE', 'CURRENT');
INSERT INTO type (id, createdby, datecreated, datemodified, modifiedby, description, displayname, name, dataelementcollection, status) VALUES (100586, 'superuser1', '2010-10-07 00:01:09.161', NULL, NULL, '', 'tumor', 'tumor', 'TISSUESPECIMEN', 'CURRENT');
INSERT INTO type (id, createdby, datecreated, datemodified, modifiedby, description, displayname, name, dataelementcollection, status) VALUES (100587, 'superuser1', '2010-10-07 00:01:36.541', NULL, NULL, '', 'non-tumor', 'non-tumor', 'TISSUESPECIMEN', 'CURRENT');
INSERT INTO type (id, createdby, datecreated, datemodified, modifiedby, description, displayname, name, dataelementcollection, status) VALUES (100588, 'superuser1', '2010-10-07 00:02:01.47', NULL, NULL, '', 'normal', 'normal', 'TISSUESPECIMEN', 'DEFAULT');
INSERT INTO type (id, createdby, datecreated, datemodified, modifiedby, description, displayname, name, dataelementcollection, status) VALUES (100589, 'superuser1', '2010-10-07 00:02:34.336', NULL, NULL, '', 'tumor-adjacent', 'tumor-adjacent', 'TISSUESPECIMEN', 'CURRENT');
INSERT INTO type (id, createdby, datecreated, datemodified, modifiedby, description, displayname, name, dataelementcollection, status) VALUES (100590, 'superuser1', '2010-10-07 00:04:08.151', NULL, NULL, '', 'mass', 'mass', 'UNIT', 'CURRENT');
INSERT INTO type (id, createdby, datecreated, datemodified, modifiedby, description, displayname, name, dataelementcollection, status) VALUES (100591, 'superuser1', '2010-10-07 00:04:46.241', NULL, NULL, '', 'distance', 'distance', 'UNIT', 'CURRENT');
INSERT INTO type (id, createdby, datecreated, datemodified, modifiedby, description, displayname, name, dataelementcollection, status) VALUES (100592, 'superuser1', '2010-10-07 00:05:14.046', NULL, NULL, '', 'time', 'time', 'UNIT', 'CURRENT');
INSERT INTO type (id, createdby, datecreated, datemodified, modifiedby, description, displayname, name, dataelementcollection, status) VALUES (100593, 'superuser1', '2010-10-07 00:05:30.462', NULL, NULL, '', 'temperature', 'temperature', 'UNIT', 'CURRENT');
INSERT INTO type (id, createdby, datecreated, datemodified, modifiedby, description, displayname, name, dataelementcollection, status) VALUES (100594, 'superuser1', '2010-10-07 00:06:20.684', NULL, NULL, '', 'atomic weight', 'atomic weight', 'UNIT', 'CURRENT');
INSERT INTO type (id, createdby, datecreated, datemodified, modifiedby, description, displayname, name, dataelementcollection, status) VALUES (100595, 'superuser1', '2010-10-07 00:06:53.305', NULL, NULL, '', 'concentration', 'concentration', 'UNIT', 'CURRENT');
INSERT INTO type (id, createdby, datecreated, datemodified, modifiedby, description, displayname, name, dataelementcollection, status) VALUES (100596, 'superuser1', '2010-10-07 00:07:12.15', NULL, NULL, '', 'volume', 'volume', 'UNIT', 'CURRENT');
INSERT INTO type (id, createdby, datecreated, datemodified, modifiedby, description, displayname, name, dataelementcollection, status) VALUES (100597, 'superuser1', '2010-10-07 00:07:47.082', NULL, NULL, '', 'pressure', 'pressure', 'UNIT', 'CURRENT');
INSERT INTO type (id, createdby, datecreated, datemodified, modifiedby, description, displayname, name, dataelementcollection, status) VALUES (100598, 'superuser1', '2010-10-07 00:08:13.786', NULL, NULL, '', 'centrifugal force', 'centrifugal force', 'UNIT', 'CURRENT');
INSERT INTO type (id, createdby, datecreated, datemodified, modifiedby, description, displayname, name, dataelementcollection, status) VALUES (100599, 'superuser1', '2010-10-07 00:10:24.865', NULL, NULL, '', 'animal', 'animal', 'WHOLEORGANISM', 'CURRENT');
INSERT INTO type (id, createdby, datecreated, datemodified, modifiedby, description, displayname, name, dataelementcollection, status) VALUES (100600, 'superuser1', '2010-10-07 00:10:51.954', NULL, NULL, '', 'nematode', 'nematode', 'WHOLEORGANISM', 'CURRENT');
INSERT INTO type (id, createdby, datecreated, datemodified, modifiedby, description, displayname, name, dataelementcollection, status) VALUES (100601, 'superuser1', '2010-10-07 00:11:08.622', NULL, NULL, '', 'fish', 'fish', 'WHOLEORGANISM', 'CURRENT');
INSERT INTO type (id, createdby, datecreated, datemodified, modifiedby, description, displayname, name, dataelementcollection, status) VALUES (100602, 'superuser1', '2010-10-07 00:11:36.009', NULL, NULL, '', 'insect', 'insect', 'WHOLEORGANISM', 'CURRENT');
INSERT INTO type (id, createdby, datecreated, datemodified, modifiedby, description, displayname, name, dataelementcollection, status) VALUES (100603, 'superuser1', '2010-10-07 00:13:30.746', NULL, NULL, '', 'physical', 'physical', 'CHARACTERISTICS', 'CURRENT');
INSERT INTO type (id, createdby, datecreated, datemodified, modifiedby, description, displayname, name, dataelementcollection, status) VALUES (100604, 'superuser1', '2010-10-07 00:13:55.455', NULL, NULL, '', 'chemical', 'chemical', 'CHARACTERISTICS', 'CURRENT');
INSERT INTO type (id, createdby, datecreated, datemodified, modifiedby, description, displayname, name, dataelementcollection, status) VALUES (100605, 'superuser1', '2010-10-07 00:14:23.535', NULL, NULL, '', 'biological', 'biological', 'CHARACTERISTICS', 'DEFAULT');
INSERT INTO type (id, createdby, datecreated, datemodified, modifiedby, description, displayname, name, dataelementcollection, status) VALUES (100606, 'superuser1', '2010-10-07 00:21:00.878', NULL, NULL, '', 'collection', 'collection', 'EVENT', 'CURRENT');
INSERT INTO type (id, createdby, datecreated, datemodified, modifiedby, description, displayname, name, dataelementcollection, status) VALUES (100607, 'superuser1', '2010-10-07 00:21:19.881', NULL, NULL, '', 'transfer', 'transfer', 'EVENT', 'CURRENT');
INSERT INTO type (id, createdby, datecreated, datemodified, modifiedby, description, displayname, name, dataelementcollection, status) VALUES (100608, 'superuser1', '2010-10-07 00:21:38.822', NULL, NULL, '', 'mating', 'mating', 'EVENT', 'CURRENT');
INSERT INTO type (id, createdby, datecreated, datemodified, modifiedby, description, displayname, name, dataelementcollection, status) VALUES (100609, 'superuser1', '2010-10-07 00:22:00.337', NULL, NULL, '', 'processing', 'processing', 'EVENT', 'CURRENT');
INSERT INTO type (id, createdby, datecreated, datemodified, modifiedby, description, displayname, name, dataelementcollection, status) VALUES (100610, 'superuser1', '2010-10-07 00:23:53.741', NULL, NULL, '', 'inbred', 'inbred', 'STRAIN', 'CURRENT');
INSERT INTO type (id, createdby, datecreated, datemodified, modifiedby, description, displayname, name, dataelementcollection, status) VALUES (100611, 'superuser1', '2010-10-07 00:24:24.806', NULL, NULL, '', 'development', 'development', 'STRAIN', 'CURRENT');
INSERT INTO type (id, createdby, datecreated, datemodified, modifiedby, description, displayname, name, dataelementcollection, status) VALUES (100612, 'superuser1', '2010-10-07 00:25:53.371', NULL, NULL, '', 'transgenic', 'transgenic', 'STRAIN', 'CURRENT');
INSERT INTO type (id, createdby, datecreated, datemodified, modifiedby, description, displayname, name, dataelementcollection, status) VALUES (100632, 'superuser1', '2010-10-07 16:17:39.813', NULL, NULL, 'A single fatty acid chain bound to gycerol', 'monoglyceride', 'monoglyceride', 'LIPID', 'CURRENT');
INSERT INTO type (id, createdby, datecreated, datemodified, modifiedby, description, displayname, name, dataelementcollection, status) VALUES (100638, 'superuser1', '2010-10-07 16:45:08.362', NULL, NULL, 'carboxylic acid with a long unbranched aliphatic tail', 'fatty acid', 'fatty acid', 'LIPID', 'CURRENT');
INSERT INTO type (id, createdby, datecreated, datemodified, modifiedby, description, displayname, name, dataelementcollection, status) VALUES (9004, NULL, NULL, NULL, NULL, 'Box', 'Box', 'Box ', 'CONTAINER', 'CURRENT');
INSERT INTO type (id, createdby, datecreated, datemodified, modifiedby, description, displayname, name, dataelementcollection, status) VALUES (9005, NULL, NULL, NULL, NULL, 'Bottle', 'Bottle', 'Bottle ', 'CONTAINER', 'CURRENT');
INSERT INTO type (id, createdby, datecreated, datemodified, modifiedby, description, displayname, name, dataelementcollection, status) VALUES (9006, NULL, NULL, NULL, NULL, 'Cannister', 'Cannister', 'Cannister ', 'CONTAINER', 'CURRENT');
INSERT INTO type (id, createdby, datecreated, datemodified, modifiedby, description, displayname, name, dataelementcollection, status) VALUES (9060, NULL, NULL, NULL, NULL, 'Cassette', 'Cassette', 'Cassette', 'CONTAINER', 'CURRENT');
INSERT INTO type (id, createdby, datecreated, datemodified, modifiedby, description, displayname, name, dataelementcollection, status) VALUES (9007, NULL, NULL, NULL, NULL, 'Flask', 'Flask', 'Flask ', 'CONTAINER', 'CURRENT');
INSERT INTO type (id, createdby, datecreated, datemodified, modifiedby, description, displayname, name, dataelementcollection, status) VALUES (9008, NULL, NULL, NULL, NULL, 'Kit', 'Kit', 'Kit ', 'CONTAINER', 'CURRENT');
INSERT INTO type (id, createdby, datecreated, datemodified, modifiedby, description, displayname, name, dataelementcollection, status) VALUES (9009, NULL, NULL, NULL, NULL, 'Pen', 'Pen', 'Pen ', 'CONTAINER', 'CURRENT');
INSERT INTO type (id, createdby, datecreated, datemodified, modifiedby, description, displayname, name, dataelementcollection, status) VALUES (9010, NULL, NULL, NULL, NULL, 'Plate', 'Plate', 'Plate ', 'CONTAINER', 'CURRENT');
INSERT INTO type (id, createdby, datecreated, datemodified, modifiedby, description, displayname, name, dataelementcollection, status) VALUES (9011, NULL, NULL, NULL, NULL, 'Rack', 'Rack', 'Rack ', 'CONTAINER', 'CURRENT');
INSERT INTO type (id, createdby, datecreated, datemodified, modifiedby, description, displayname, name, dataelementcollection, status) VALUES (9012, NULL, NULL, NULL, NULL, 'Shipping', 'Shipping', 'Shipping ', 'CONTAINER', 'CURRENT');
INSERT INTO type (id, createdby, datecreated, datemodified, modifiedby, description, displayname, name, dataelementcollection, status) VALUES (9013, NULL, NULL, NULL, NULL, 'Straw', 'Straw', 'Straw ', 'CONTAINER', 'CURRENT');
INSERT INTO type (id, createdby, datecreated, datemodified, modifiedby, description, displayname, name, dataelementcollection, status) VALUES (199535, 'superuser1', '2010-10-27 18:18:16.45', NULL, NULL, 'A rate based on negotiations for a project or collaboration.', 'Negotiated', 'Negotiated', 'RATE', 'CURRENT');
INSERT INTO type (id, createdby, datecreated, datemodified, modifiedby, description, displayname, name, dataelementcollection, status) VALUES (100109, 'superuser1', '2010-08-20 05:31:19.171', '2010-10-27 18:19:13.84', 'superuser1', 'A rate based on high volumes or multi-discounts.', 'Multi-Discount', 'Multi-Discount', 'RATE', 'CURRENT');
INSERT INTO type (id, createdby, datecreated, datemodified, modifiedby, description, displayname, name, dataelementcollection, status) VALUES (100108, 'superuser1', '2010-08-20 05:30:35.961', '2010-10-27 18:20:28.632', 'superuser1', 'A rate for external users or groups.', 'External', 'External', 'RATE', 'CURRENT');
INSERT INTO type (id, createdby, datecreated, datemodified, modifiedby, description, displayname, name, dataelementcollection, status) VALUES (199603, 'superuser1', '2010-11-04 19:24:23.006', NULL, NULL, 'Type for an Inquiry.', 'Internal', 'Internal', 'INQUIRY', 'CURRENT');
INSERT INTO type (id, createdby, datecreated, datemodified, modifiedby, description, displayname, name, dataelementcollection, status) VALUES (199604, 'superuser1', '2010-11-04 19:24:49.54', NULL, NULL, 'Type for an Inquiry.', 'External', 'External', 'INQUIRY', 'CURRENT');
INSERT INTO type (id, createdby, datecreated, datemodified, modifiedby, description, displayname, name, dataelementcollection, status) VALUES (199509, 'superuser1', '2010-10-22 14:18:26.048', NULL, NULL, 'A single ''well'' in a container that cannot be physically separated from the parent container (example a well in a 96-well plate).', 'Well', 'Well', 'CONTAINER', 'CURRENT');
INSERT INTO type (id, createdby, datecreated, datemodified, modifiedby, description, displayname, name, dataelementcollection, status) VALUES (199520, 'superuser1', '2010-10-22 16:23:08.755', NULL, NULL, 'testVolumeType1testVolumeType1testVolumeType1testVolumeType1testVolumeType1testVolumeType1testVolumeType1testVolumeType1', 'testVolumeType1', 'testVolumeType1', 'UNIT', 'ALTERNATE');
INSERT INTO type (id, createdby, datecreated, datemodified, modifiedby, description, displayname, name, dataelementcollection, status) VALUES (199522, 'superuser1', '2010-10-22 17:22:13.95', NULL, NULL, 'unit for a single entity', 'each', 'each', 'UNIT', 'CURRENT');
INSERT INTO type (id, createdby, datecreated, datemodified, modifiedby, description, displayname, name, dataelementcollection, status) VALUES (199525, 'superuser1', '2010-10-22 17:26:00.537', NULL, NULL, 'Storage device for materials sensitive to humidity and moisture.', 'Dessicator', 'Dessicator', 'STORAGEDEVICE', 'CURRENT');
INSERT INTO type (id, createdby, datecreated, datemodified, modifiedby, description, displayname, name, dataelementcollection, status) VALUES (199539, 'superuser1', '2010-10-27 18:26:30.438', NULL, NULL, 'Consultation Service Default Service Item.', 'Consultation Service', 'Consultation Service', 'SERVICEITEM', 'CURRENT');
INSERT INTO type (id, createdby, datecreated, datemodified, modifiedby, description, displayname, name, dataelementcollection, status) VALUES (199538, 'superuser1', '2010-10-27 18:25:03.886', '2010-10-27 18:27:04.813', 'superuser1', 'Array-based Single Nucleotide Polymorphism Genotyping Default Service Item.', 'Array-based SNP Genotyping', 'Array-based Single Nucleotide Polymorphism Genotyping', 'SERVICEITEM', 'CURRENT');
INSERT INTO type (id, createdby, datecreated, datemodified, modifiedby, description, displayname, name, dataelementcollection, status) VALUES (199537, 'superuser1', '2010-10-27 18:23:34.34', '2010-10-27 18:27:18.366', 'superuser1', 'Array-based Gene Expression Default Service Item.', 'Array-based Gene Expression', 'Array-based Gene Expression', 'SERVICEITEM', 'CURRENT');
INSERT INTO type (id, createdby, datecreated, datemodified, modifiedby, description, displayname, name, dataelementcollection, status) VALUES (199536, 'superuser1', '2010-10-27 18:22:47.461', '2010-10-27 18:27:31.188', 'superuser1', 'Array-based Copy Number Variation Default Service Item.', 'Array-based CNV', 'Array-based Copy Number Variation', 'SERVICEITEM', 'CURRENT');
INSERT INTO type (id, createdby, datecreated, datemodified, modifiedby, description, displayname, name, dataelementcollection, status) VALUES (199540, 'superuser1', '2010-10-27 18:28:32.654', NULL, NULL, 'Assay Method Design Service Default Service Item.', 'Assay Method Design Service', 'Assay Method Design Service', 'SERVICEITEM', 'CURRENT');
INSERT INTO type (id, createdby, datecreated, datemodified, modifiedby, description, displayname, name, dataelementcollection, status) VALUES (199541, 'superuser1', '2010-10-27 18:29:25.501', NULL, NULL, 'Quality Control Default Service Item.', 'Quality Control', 'Quality Control', 'SERVICEITEM', 'CURRENT');
INSERT INTO type (id, createdby, datecreated, datemodified, modifiedby, description, displayname, name, dataelementcollection, status) VALUES (199542, 'superuser1', '2010-10-27 18:30:15.963', NULL, NULL, 'Quantitation Default Service Item.', 'Quantitation', 'Quantitation', 'SERVICEITEM', 'CURRENT');
INSERT INTO type (id, createdby, datecreated, datemodified, modifiedby, description, displayname, name, dataelementcollection, status) VALUES (199543, 'superuser1', '2010-10-27 18:30:57.465', NULL, NULL, 'Sample Preparation Default Service Item.', 'Sample Preparation', 'Sample Preparation', 'SERVICEITEM', 'CURRENT');
INSERT INTO type (id, createdby, datecreated, datemodified, modifiedby, description, displayname, name, dataelementcollection, status) VALUES (199545, 'superuser1', '2010-10-27 18:33:02.733', NULL, NULL, 'Sanger Sequencing Default Service Item.', 'Sequencing - Sanger', 'Sequencing - Sanger', 'SERVICEITEM', 'CURRENT');
INSERT INTO type (id, createdby, datecreated, datemodified, modifiedby, description, displayname, name, dataelementcollection, status) VALUES (199544, 'superuser1', '2010-10-27 18:32:03.013', '2010-10-27 18:36:14.922', 'superuser1', 'NexGen Sequencing (SoLID platform) Default Service Item.', 'Sequencing - NexGen - SoLID', 'Sequencing - NexGen - SoLID', 'SERVICEITEM', 'CURRENT');
INSERT INTO type (id, createdby, datecreated, datemodified, modifiedby, description, displayname, name, dataelementcollection, status) VALUES (199546, 'superuser1', '2010-10-27 18:38:52.838', NULL, NULL, 'NexGen Sequencing (Illumina HiSeq platform) Default Service Item.', 'Sequencing - NexGen - HiSeq', 'Sequencing - NexGen - HiSeq', 'SERVICEITEM', 'CURRENT');
INSERT INTO type (id, createdby, datecreated, datemodified, modifiedby, description, displayname, name, dataelementcollection, status) VALUES (100098, 'superuser1', '2010-08-20 05:20:35.614', '2010-10-27 18:44:01.353', 'superuser1', 'Service type for Sanger sequencing using automated capillary sequencers.', 'Sequencing - Sanger', 'Sequencing - Sanger', 'SERVICE', 'CURRENT');
INSERT INTO type (id, createdby, datecreated, datemodified, modifiedby, description, displayname, name, dataelementcollection, status) VALUES (400033, 'superuser1', '2011-01-25 17:17:20.096', NULL, NULL, 'Service type for Array-based SNP+CNV.', 'Array-based SNP+CNV', 'Array-based SNP+CNV', 'SERVICE', 'DEFAULT');
INSERT INTO type (id, createdby, datecreated, datemodified, modifiedby, description, displayname, name, dataelementcollection, status) VALUES (199547, 'superuser1', '2010-10-27 18:42:30.625', '2010-10-27 18:44:15.635', 'superuser1', 'Service type for NexGen Sequencing- SoLID platform.', 'Sequencing - NexGen - SoLID', 'Sequencing - NexGen - SoLID', 'SERVICE', 'CURRENT');
INSERT INTO type (id, createdby, datecreated, datemodified, modifiedby, description, displayname, name, dataelementcollection, status) VALUES (199548, 'superuser1', '2010-10-27 18:43:19.771', '2010-10-27 18:44:34.24', 'superuser1', 'Service type for NexGen Sequencing- HiSeq platform.', 'Sequencing - NexGen - HiSeq', 'Sequencing - NexGen - HiSeq', 'SERVICE', 'CURRENT');
INSERT INTO type (id, createdby, datecreated, datemodified, modifiedby, description, displayname, name, dataelementcollection, status) VALUES (100102, 'superuser1', '2010-08-20 05:22:51.526', '2010-10-27 18:45:05.821', 'superuser1', 'Service type for Sample preparation.', 'Sample preparation', 'Sample preparation', 'SERVICE', 'CURRENT');
INSERT INTO type (id, createdby, datecreated, datemodified, modifiedby, description, displayname, name, dataelementcollection, status) VALUES (100103, 'superuser1', '2010-08-20 05:23:52.53', '2010-10-27 18:51:47.326', 'superuser1', 'Service Type for Method or assay design.', 'Method design', 'Method design', 'SERVICE', 'CURRENT');
INSERT INTO type (id, createdby, datecreated, datemodified, modifiedby, description, displayname, name, dataelementcollection, status) VALUES (100099, 'superuser1', '2010-08-20 05:21:08.516', '2010-10-27 18:53:13.944', 'superuser1', 'Service Type for Array-based Gene Expression.', 'Array-based GE', 'Array-based Gene Expression', 'SERVICE', 'CURRENT');
INSERT INTO type (id, createdby, datecreated, datemodified, modifiedby, description, displayname, name, dataelementcollection, status) VALUES (199549, 'superuser1', '2010-10-27 19:01:24.833', NULL, NULL, 'The Default Billing Information Type for the system.', 'Default Billing Information Type', 'Default Billing Information Type', 'BILLINGINFORMATION', 'DEFAULT');
INSERT INTO type (id, createdby, datecreated, datemodified, modifiedby, description, displayname, name, dataelementcollection, status) VALUES (199550, 'superuser1', '2010-10-27 19:02:02.852', NULL, NULL, 'A Custom Billing Information Type.', 'Custom Billing Information Type', 'Custom Billing Information Type', 'BILLINGINFORMATION', 'ALTERNATE');
INSERT INTO type (id, createdby, datecreated, datemodified, modifiedby, description, displayname, name, dataelementcollection, status) VALUES (199562, 'superuser1', '2010-10-29 13:37:02.18', '2010-10-29 13:37:36.14', 'superuser1', 'A specimen collection card with filter spot for blood and other fluid specimen collection.', 'CollectionCard', 'CollectionCard', 'CONTAINER', 'CURRENT');
INSERT INTO type (id, createdby, datecreated, datemodified, modifiedby, description, displayname, name, dataelementcollection, status) VALUES (199563, 'superuser1', '2010-10-29 13:39:41.917', NULL, NULL, 'An area (filter) on a specimen collection card which holds the specimen.  There are usually 4 or 5 spots per card.', 'Spot', 'Spot', 'CONTAINER', 'CURRENT');
INSERT INTO type (id, createdby, datecreated, datemodified, modifiedby, description, displayname, name, dataelementcollection, status) VALUES (199566, 'superuser1', '2010-11-01 12:25:34.658', '2010-11-01 12:31:00.688', 'superuser1', 'plastic storage bag used to store filter spot cards. default layout will be 1x1.', 'StorageBag', 'StorageBag', 'CONTAINER', 'CURRENT');
INSERT INTO type (id, createdby, datecreated, datemodified, modifiedby, description, displayname, name, dataelementcollection, status) VALUES (199605, 'superuser1', '2010-11-04 19:25:24.223', NULL, NULL, 'Type for an Inquiry', 'Collaboration', 'Collaboration', 'INQUIRY', 'CURRENT');
INSERT INTO type (id, createdby, datecreated, datemodified, modifiedby, description, displayname, name, dataelementcollection, status) VALUES (199606, 'superuser1', '2010-11-05 18:36:24.398', NULL, NULL, 'A default type quotation.', 'Default', 'Default', 'QUOTATION', 'DEFAULT');
INSERT INTO type (id, createdby, datecreated, datemodified, modifiedby, description, displayname, name, dataelementcollection, status) VALUES (199607, 'superuser1', '2010-11-05 18:37:28.444', NULL, NULL, 'A revised type of quotation.', 'Revised', 'Revised', 'QUOTATION', 'ALTERNATE');
INSERT INTO type (id, createdby, datecreated, datemodified, modifiedby, description, displayname, name, dataelementcollection, status) VALUES (199608, 'superuser1', '2010-11-05 18:38:01.739', NULL, NULL, 'A final type of quotation.', 'Final', 'Final', 'QUOTATION', 'CURRENT');
INSERT INTO type (id, createdby, datecreated, datemodified, modifiedby, description, displayname, name, dataelementcollection, status) VALUES (199611, 'superuser1', '2010-11-05 19:22:49.317', NULL, NULL, 'Array-based SNP/CNV Assay', 'Array-based SNP/CNV Assay', 'Array-based SNP/CNV Assay', 'SERVICEITEM', 'CURRENT');
INSERT INTO type (id, createdby, datecreated, datemodified, modifiedby, description, displayname, name, dataelementcollection, status) VALUES (199628, 'superuser1', '2010-11-05 20:30:18.461', NULL, NULL, 'Sample Library Construction type', 'Sample Library Construction', 'Sample Library Construction', 'SERVICEITEM', 'CURRENT');
INSERT INTO type (id, createdby, datecreated, datemodified, modifiedby, description, displayname, name, dataelementcollection, status) VALUES (100063, 'superuser1', '2010-08-20 04:40:24.651', '2010-11-08 10:18:56.185', 'labmanager1', '', 'Sequencer', 'Automated Capillary Sequencer', 'EQUIPMENT', 'CURRENT');
INSERT INTO type (id, createdby, datecreated, datemodified, modifiedby, description, displayname, name, dataelementcollection, status) VALUES (199642, 'labmanager1', '2010-11-08 10:19:22.903', NULL, NULL, '', 'Bioanalyzer', 'Bioanalyzer', 'EQUIPMENT', 'CURRENT');
INSERT INTO type (id, createdby, datecreated, datemodified, modifiedby, description, displayname, name, dataelementcollection, status) VALUES (199643, 'labmanager1', '2010-11-08 10:19:51.523', NULL, NULL, '', 'NexGen Sequencer', 'NexGen Sequencer', 'EQUIPMENT', 'CURRENT');
INSERT INTO type (id, createdby, datecreated, datemodified, modifiedby, description, displayname, name, dataelementcollection, status) VALUES (199653, 'labmanager1', '2010-11-08 19:52:30.396', NULL, NULL, 'Bioanalyzer kit', 'Bioanalyzer kit', 'Bioanalyzer kit', 'LABSUPPLY', 'CURRENT');
INSERT INTO type (id, createdby, datecreated, datemodified, modifiedby, description, displayname, name, dataelementcollection, status) VALUES (632, 'superuser1', '2010-11-24 19:18:48.438', '2010-11-24 19:21:44.516', 'superuser1', 'A subspace within a container or StorageSpace.', 'Compartment', 'Compartment', 'CONTAINER', 'CURRENT');
INSERT INTO type (id, createdby, datecreated, datemodified, modifiedby, description, displayname, name, dataelementcollection, status) VALUES (9014, NULL, NULL, '2010-11-30 18:15:39.782', 'superuser1', 'Swab: a wad of absorbent material usually wound around one end of a small stick and used especially for applying medication or for removing material from an area.', 'Swab', 'Swab', 'CONTAINER', 'CURRENT');
INSERT INTO type (id, createdby, datecreated, datemodified, modifiedby, description, displayname, name, dataelementcollection, status) VALUES (9015, NULL, NULL, '2010-11-30 18:18:34.161', 'superuser1', 'Tube: a hollow elongated cylinder which can contain fluids or objects.', 'Tube', 'Tube', 'CONTAINER', 'CURRENT');

INSERT INTO type (id, createdby, datecreated, datemodified, modifiedby, description, displayname, name, dataelementcollection, status) VALUES (400005, 'adminuser', '2011-01-24 17:45:17.19', NULL, NULL, 'currency', 'currency', 'currency', 'UNIT', 'CURRENT');
INSERT INTO type (id, createdby, datecreated, datemodified, modifiedby, description, displayname, name, dataelementcollection, status) VALUES (400015, 'superuser1', '2011-01-25 15:41:27.276', NULL, NULL, 'The default type for ServiceItem type.', 'SI-QuantityTypeDefault', 'SI-QuantityTypeDefault', 'SERVICEITEM_QUANTITY', 'DEFAULT');








INSERT INTO unit (id, createdby, datecreated, datemodified, modifiedby, description, displayname, name, type_fk) VALUES (100624, 'superuser1', '2010-10-07 04:05:08.008', NULL, NULL, '1/1,000,000 of liter', 'ul', 'microliter', 100596);
INSERT INTO unit (id, createdby, datecreated, datemodified, modifiedby, description, displayname, name, type_fk) VALUES (100500, 'superuser1', '2010-10-21 17:21:18.512', NULL, NULL, 'basic unit for weight/mass', 'g', 'Gram', 100590);
INSERT INTO unit (id, createdby, datecreated, datemodified, modifiedby, description, displayname, name, type_fk) VALUES (100502, 'superuser1', '2010-10-21 17:22:49.162', NULL, NULL, 'basic unit for concentration', 'mg/ml', 'milligram per milliliter', 100595);
INSERT INTO unit (id, createdby, datecreated, datemodified, modifiedby, description, displayname, name, type_fk) VALUES (100503, 'superuser1', '2010-10-21 17:22:49.164', NULL, NULL, 'basic unit for concentration', 'mg/ml', 'milligram per milliliter', 100595);
INSERT INTO unit (id, createdby, datecreated, datemodified, modifiedby, description, displayname, name, type_fk) VALUES (100504, 'superuser1', '2010-10-21 17:23:23.13', NULL, NULL, 'basic unit for distance', 'm', 'meter', 100591);
INSERT INTO unit (id, createdby, datecreated, datemodified, modifiedby, description, displayname, name, type_fk) VALUES (100505, 'superuser1', '2010-10-21 17:23:23.133', NULL, NULL, 'basic unit for distance', 'm', 'meter', 100591);
INSERT INTO unit (id, createdby, datecreated, datemodified, modifiedby, description, displayname, name, type_fk) VALUES (100506, 'superuser1', '2010-10-21 17:24:08.002', NULL, NULL, 'basic unit for pressure', 'mmHg', 'millimeters of mercury', 100597);
INSERT INTO unit (id, createdby, datecreated, datemodified, modifiedby, description, displayname, name, type_fk) VALUES (100507, 'superuser1', '2010-10-21 17:24:08.005', NULL, NULL, 'basic unit for pressure', 'mmHg', 'millimeters of mercury', 100597);
INSERT INTO unit (id, createdby, datecreated, datemodified, modifiedby, description, displayname, name, type_fk) VALUES (100508, 'superuser1', '2010-10-21 17:25:43.119', NULL, NULL, 'basic unit for temperature', 'C', 'Celsius', 100593);
INSERT INTO unit (id, createdby, datecreated, datemodified, modifiedby, description, displayname, name, type_fk) VALUES (100509, 'superuser1', '2010-10-21 17:25:43.122', NULL, NULL, 'basic unit for temperature', 'C', 'Celsius', 100593);
INSERT INTO unit (id, createdby, datecreated, datemodified, modifiedby, description, displayname, name, type_fk) VALUES (100510, 'superuser1', '2010-10-21 17:26:16.822', NULL, NULL, 'basic unit for time', 'hr', 'hour', 100592);
INSERT INTO unit (id, createdby, datecreated, datemodified, modifiedby, description, displayname, name, type_fk) VALUES (100511, 'superuser1', '2010-10-21 17:26:16.833', NULL, NULL, 'basic unit for time', 'hr', 'hour', 100592);
INSERT INTO unit (id, createdby, datecreated, datemodified, modifiedby, description, displayname, name, type_fk) VALUES (100512, 'superuser1', '2010-10-21 17:38:18.116', NULL, NULL, 'basic unit for atomic weight', 'mol', 'mole', 100594);
INSERT INTO unit (id, createdby, datecreated, datemodified, modifiedby, description, displayname, name, type_fk) VALUES (100513, 'superuser1', '2010-10-21 17:38:18.12', NULL, NULL, 'basic unit for atomic weight', 'mol', 'mole', 100594);
INSERT INTO unit (id, createdby, datecreated, datemodified, modifiedby, description, displayname, name, type_fk) VALUES (100623, 'superuser1', '2010-10-07 04:03:47.157', '2010-10-21 17:40:10.904', 'superuser1', '1/1000 of liter', 'ml', 'milliliter', 100596);
INSERT INTO unit (id, createdby, datecreated, datemodified, modifiedby, description, displayname, name, type_fk) VALUES (199530, 'adminuser', '2010-10-25 12:33:09.567', NULL, NULL, 'milligram ', 'mg', 'milligram', 100590);
INSERT INTO unit (id, createdby, datecreated, datemodified, modifiedby, description, displayname, name, type_fk) VALUES (100515, 'superuser1', '2010-10-21 17:44:22.287', NULL, NULL, 'nl = 10-9 liter', 'nl', 'nanoliter', 100596);
INSERT INTO unit (id, createdby, datecreated, datemodified, modifiedby, description, displayname, name, type_fk) VALUES (100516, 'superuser1', '2010-10-21 17:46:04.574', NULL, NULL, 'milligram = 0.001 gram', 'mg', 'milligram', 100590);
INSERT INTO unit (id, createdby, datecreated, datemodified, modifiedby, description, displayname, name, type_fk) VALUES (100519, 'superuser1', '2010-10-21 18:07:03.861', '2010-10-21 18:29:15.07', 'superuser1', 'picoliter = 10-12 liter', 'pl', 'pico liter', 100596);
INSERT INTO unit (id, createdby, datecreated, datemodified, modifiedby, description, displayname, name, type_fk) VALUES (100501, 'superuser1', '2010-10-21 17:21:18.546', '2010-10-21 18:30:22.887', 'superuser1', 'basic unit for weight/mass', 'g', 'gram', 100590);
INSERT INTO unit (id, createdby, datecreated, datemodified, modifiedby, description, displayname, name, type_fk) VALUES (100522, 'superuser1', '2010-10-21 18:31:45.857', NULL, NULL, 'microgram = 10-6 gram', 'ug', 'microgram', 100590);
INSERT INTO unit (id, createdby, datecreated, datemodified, modifiedby, description, displayname, name, type_fk) VALUES (100523, 'superuser1', '2010-10-21 18:33:28.946', NULL, NULL, 'nanogram = 10-9 gram', 'ng', 'nanogram', 100590);
INSERT INTO unit (id, createdby, datecreated, datemodified, modifiedby, description, displayname, name, type_fk) VALUES (100524, 'superuser1', '2010-10-21 18:34:16.091', NULL, NULL, 'picogram = 10-12 gram', 'pg', 'picogram', 100590);
INSERT INTO unit (id, createdby, datecreated, datemodified, modifiedby, description, displayname, name, type_fk) VALUES (100525, 'superuser1', '2010-10-21 18:38:09.812', NULL, NULL, 'minute is 1/60 of hour', 'min', 'minute', 100592);
INSERT INTO unit (id, createdby, datecreated, datemodified, modifiedby, description, displayname, name, type_fk) VALUES (100526, 'superuser1', '2010-10-21 18:39:50.529', NULL, NULL, 'day = 24 hours', 'day', 'day', 100592);
INSERT INTO unit (id, createdby, datecreated, datemodified, modifiedby, description, displayname, name, type_fk) VALUES (100527, 'superuser1', '2010-10-21 18:45:47.791', NULL, NULL, 'ng/ul = mg/ml', 'ng/ul', 'nanogram per microliter', 100595);
INSERT INTO unit (id, createdby, datecreated, datemodified, modifiedby, description, displayname, name, type_fk) VALUES (100622, 'superuser1', '2010-10-07 04:01:02.912', '2010-10-22 17:24:36.948', 'superuser1', 'base unit for type Volume ', 'L', 'Liter', 100596);
INSERT INTO unit (id, createdby, datecreated, datemodified, modifiedby, description, displayname, name, type_fk) VALUES (100621, 'superuser1', '2010-10-07 04:01:02.912', '2010-10-22 17:24:36.948', 'superuser1', 'base unit for type Volume ', 'L', 'Liter', 100596);
INSERT INTO unit (id, createdby, datecreated, datemodified, modifiedby, description, displayname, name, type_fk) VALUES (400006, 'adminuser', '2011-01-24 17:45:20.823', NULL, NULL, 'U.S. Dollar', '$', '$', 400005);
INSERT INTO unit (id, createdby, datecreated, datemodified, modifiedby, description, displayname, name, type_fk) VALUES (400007, 'adminuser', '2011-01-24 17:45:20.842', NULL, NULL, 'U.S. Dollar', '$', '$', 400005);
INSERT INTO unit (id, createdby, datecreated, datemodified, modifiedby, description, displayname, name, type_fk) VALUES (199401, 'adminuser', '2011-01-10 10:41:50.917', NULL, NULL, 'each', 'each', 'each', 199522);
INSERT INTO unit (id, createdby, datecreated, datemodified, modifiedby, description, displayname, name, type_fk) VALUES (199402, 'adminuser', '2011-01-10 10:41:50.922', NULL, NULL, 'each', 'each', 'each', 199522);

INSERT INTO baseunit (id) VALUES (100621);
INSERT INTO baseunit (id) VALUES (100500);
INSERT INTO baseunit (id) VALUES (100502);
INSERT INTO baseunit (id) VALUES (100504);
INSERT INTO baseunit (id) VALUES (100506);
INSERT INTO baseunit (id) VALUES (100508);
INSERT INTO baseunit (id) VALUES (100510);
INSERT INTO baseunit (id) VALUES (100512);
INSERT INTO baseunit (id) VALUES (400006);
INSERT INTO baseunit (id) VALUES (199401);


INSERT INTO standardunit (conversionfactor, datasource, datatarget, offsetvalue, id, baseunit_fk) VALUES (1.00, NULL, NULL, NULL, 100622, 100621);
INSERT INTO standardunit (conversionfactor, datasource, datatarget, offsetvalue, id, baseunit_fk) VALUES (0.00, NULL, NULL, NULL, 100624, 100621);
INSERT INTO standardunit (conversionfactor, datasource, datatarget, offsetvalue, id, baseunit_fk) VALUES (1.00, NULL, NULL, NULL, 100501, 100500);
INSERT INTO standardunit (conversionfactor, datasource, datatarget, offsetvalue, id, baseunit_fk) VALUES (1.00, NULL, NULL, NULL, 100503, 100502);
INSERT INTO standardunit (conversionfactor, datasource, datatarget, offsetvalue, id, baseunit_fk) VALUES (1.00, NULL, NULL, NULL, 100505, 100504);
INSERT INTO standardunit (conversionfactor, datasource, datatarget, offsetvalue, id, baseunit_fk) VALUES (1.00, NULL, NULL, NULL, 100507, 100506);
INSERT INTO standardunit (conversionfactor, datasource, datatarget, offsetvalue, id, baseunit_fk) VALUES (1.00, NULL, NULL, NULL, 100509, 100508);
INSERT INTO standardunit (conversionfactor, datasource, datatarget, offsetvalue, id, baseunit_fk) VALUES (1.00, NULL, NULL, NULL, 100511, 100510);
INSERT INTO standardunit (conversionfactor, datasource, datatarget, offsetvalue, id, baseunit_fk) VALUES (1.00, NULL, NULL, NULL, 100513, 100512);
INSERT INTO standardunit (conversionfactor, datasource, datatarget, offsetvalue, id, baseunit_fk) VALUES (1000.00, NULL, NULL, NULL, 100623, 100621);
INSERT INTO standardunit (conversionfactor, datasource, datatarget, offsetvalue, id, baseunit_fk) VALUES (0.00, NULL, NULL, NULL, 199530, 100500);
INSERT INTO standardunit (conversionfactor, datasource, datatarget, offsetvalue, id, baseunit_fk) VALUES (100000000.00, NULL, NULL, NULL, 100515, 100621);
INSERT INTO standardunit (conversionfactor, datasource, datatarget, offsetvalue, id, baseunit_fk) VALUES (1000.00, NULL, NULL, NULL, 100516, 100500);
INSERT INTO standardunit (conversionfactor, datasource, datatarget, offsetvalue, id, baseunit_fk) VALUES (100000.00, NULL, NULL, NULL, 100522, 100500);
INSERT INTO standardunit (conversionfactor, datasource, datatarget, offsetvalue, id, baseunit_fk) VALUES (100000000.00, NULL, NULL, NULL, 100523, 100500);
INSERT INTO standardunit (conversionfactor, datasource, datatarget, offsetvalue, id, baseunit_fk) VALUES (60.00, NULL, NULL, NULL, 100525, 100510);
INSERT INTO standardunit (conversionfactor, datasource, datatarget, offsetvalue, id, baseunit_fk) VALUES (0.04, NULL, NULL, NULL, 100526, 100510);
INSERT INTO standardunit (conversionfactor, datasource, datatarget, offsetvalue, id, baseunit_fk) VALUES (1.00, NULL, NULL, NULL, 100527, 100502);
INSERT INTO standardunit (conversionfactor, datasource, datatarget, offsetvalue, id, baseunit_fk) VALUES (1.00, NULL, NULL, NULL, 400007, 400006);
INSERT INTO standardunit (conversionfactor, datasource, datatarget, offsetvalue, id, baseunit_fk) VALUES (1.00, NULL, NULL, NULL, 199402, 199401);

INSERT INTO person (id, createdby, datecreated, datemodified, modifiedby, usmilitaryrankprefix, academicdegree, certification, clinicallicense, displayname, familyname, givenname, individualgeneologysuffix, maidenname, middlename, nameprefix, status, suffix, title, trainingandeducationsuffixabr, username, externalidentifier_fk, personbillinginformation_fk, serviceitembillinginformation_fk, labsupply_fk) VALUES (100004, 'adminuser', '2010-08-17 21:31:05.669', '2010-08-23 23:03:35.225', 'superuser1', NULL, 'MS', '', '', 'Lab Manager User 1', 'User', 'Lab Manager', '', '', '', '', 'ACTIVE', '', '', NULL, 'labmanager1', NULL, NULL, NULL, NULL);
INSERT INTO person (id, createdby, datecreated, datemodified, modifiedby, usmilitaryrankprefix, academicdegree, certification, clinicallicense, displayname, familyname, givenname, individualgeneologysuffix, maidenname, middlename, nameprefix, status, suffix, title, trainingandeducationsuffixabr, username, externalidentifier_fk, personbillinginformation_fk, serviceitembillinginformation_fk, labsupply_fk) VALUES (100006, 'adminuser', '2010-08-17 21:33:36.392', '2010-09-11 17:44:12.657', 'superuser1', NULL, 'BS', '', '', 'Researcher User 1', 'User', 'researcher', '', '', '', '', 'ACTIVE', '', '', NULL, 'labresearcher1', NULL, NULL, NULL, NULL);
INSERT INTO person (id, createdby, datecreated, datemodified, modifiedby, usmilitaryrankprefix, academicdegree, certification, clinicallicense, displayname, familyname, givenname, individualgeneologysuffix, maidenname, middlename, nameprefix, status, suffix, title, trainingandeducationsuffixabr, username, externalidentifier_fk, personbillinginformation_fk, serviceitembillinginformation_fk, labsupply_fk) VALUES (100007, 'adminuser', '2010-08-17 21:35:07.181', '2010-09-11 17:47:29.324', 'superuser1', NULL, 'PhD', '', '', 'Guest User 1', 'User', 'Guest 1', '', '', '', '', 'ACTIVE', '', '', NULL, 'guest1', NULL, NULL, NULL, NULL);
INSERT INTO person (id, createdby, datecreated, datemodified, modifiedby, usmilitaryrankprefix, academicdegree, certification, clinicallicense, displayname, familyname, givenname, individualgeneologysuffix, maidenname, middlename, nameprefix, status, suffix, title, trainingandeducationsuffixabr, username, externalidentifier_fk, personbillinginformation_fk, serviceitembillinginformation_fk, labsupply_fk) VALUES (100003, 'adminuser', '2010-08-17 21:29:45.435', '2010-09-11 18:06:37.33', 'superuser1', NULL, 'MS', '', '', 'Super User 1', 'User', 'Super', '', '', '', '', 'ACTIVE', '', '', NULL, 'superuser1', NULL, NULL, NULL, NULL);
INSERT INTO person (id, createdby, datecreated, datemodified, modifiedby, usmilitaryrankprefix, academicdegree, certification, clinicallicense, displayname, familyname, givenname, individualgeneologysuffix, maidenname, middlename, nameprefix, status, suffix, title, trainingandeducationsuffixabr, username, externalidentifier_fk, personbillinginformation_fk, serviceitembillinginformation_fk, labsupply_fk) VALUES (100009, 'adminuser', '2010-08-17 21:37:37.749', '2010-09-12 20:27:50.373', 'superuser1', NULL, 'MS', '', '', 'Customer 2 User', 'User', 'customer2', '', '', '', '', 'ACTIVE', '', '', NULL, 'customer2', NULL, NULL, NULL, NULL);
INSERT INTO person (id, createdby, datecreated, datemodified, modifiedby, usmilitaryrankprefix, academicdegree, certification, clinicallicense, displayname, familyname, givenname, individualgeneologysuffix, maidenname, middlename, nameprefix, status, suffix, title, trainingandeducationsuffixabr, username, externalidentifier_fk, personbillinginformation_fk, serviceitembillinginformation_fk, labsupply_fk) VALUES (100008, 'adminuser', '2010-08-17 21:36:47.46', '2010-09-12 20:31:36.658', 'superuser1', NULL, 'MS', '', '', 'Customer 1 User', 'User', 'customer1', '', '', '', '', 'ACTIVE', '', '', NULL, 'customer1', NULL, NULL, NULL, NULL);

INSERT INTO layout (id, createdby, datecreated, datemodified, modifiedby, description, displayname, name, x_dimension, x_dimensionlabel, y_dimension, y_dimensionlabel, person_fk) VALUES (100504, 'adminuser', '2010-10-20 12:11:20.026', '2010-10-22 10:27:42.69', 'superuser1', 'one row (Y) of 10 spaces/wells (columns) (X)', '1 Row by 10 Columns', '10 x 1', 10, 'DIGITS', 1, 'ALL_UPPER_CASE', 100004);
INSERT INTO layout (id, createdby, datecreated, datemodified, modifiedby, description, displayname, name, x_dimension, x_dimensionlabel, y_dimension, y_dimensionlabel, person_fk) VALUES (100508, 'adminuser', '2010-10-20 12:33:11.805', '2010-10-22 10:28:19.307', 'superuser1', 'ten rows (Y) of ten spaces/wells (columns) (X)', '10 Rows by 10 Columns', '10 X 10', 10, 'DIGITS', 10, 'ALL_UPPER_CASE', 100004);
INSERT INTO layout (id, createdby, datecreated, datemodified, modifiedby, description, displayname, name, x_dimension, x_dimensionlabel, y_dimension, y_dimensionlabel, person_fk) VALUES (100502, 'adminuser', '2010-10-20 11:49:31.213', '2010-11-08 20:14:54.035', 'labmanager1', 'single space* used as default layout for tubes, wells, bottles, flasks, etc.', '1x1Default', '1 X 1', 1, 'DIGITS', 1, 'DIGITS', 100004);
INSERT INTO layout (id, createdby, datecreated, datemodified, modifiedby, description, displayname, name, x_dimension, x_dimensionlabel, y_dimension, y_dimensionlabel, person_fk) VALUES (100512, 'adminuser', '2010-10-20 12:46:54.924', '2010-11-01 17:22:13.811', 'superuser1', 'one row (Y) of 4 spaces/wells (columns) (X)', '1 Row by 4 Columns', '1 X 4', 4, 'DIGITS', 1, 'ALL_UPPER_CASE', 100004);
INSERT INTO layout (id, createdby, datecreated, datemodified, modifiedby, description, displayname, name, x_dimension, x_dimensionlabel, y_dimension, y_dimensionlabel, person_fk) VALUES (100511, 'adminuser', '2010-10-20 12:44:59.925', '2010-10-22 10:34:14.851', 'superuser1', 'one row (Y) of 2 spaces/wells (columns) (X)', '1 Row by 2 Columns', '1 X 2', 2, 'DIGITS', 1, 'ALL_UPPER_CASE', NULL);
INSERT INTO layout (id, createdby, datecreated, datemodified, modifiedby, description, displayname, name, x_dimension, x_dimensionlabel, y_dimension, y_dimensionlabel, person_fk) VALUES (199576, 'superuser1', '2010-11-01 17:20:55.584', '2010-11-01 17:24:33.527', 'superuser1', 'one row (Y) of 5 spaces/wells (columns) (X) ', '1 Row by 5 Columns', '1 X 5', 5, 'DIGITS', 1, 'ALL_UPPER_CASE', 100004);
INSERT INTO layout (id, createdby, datecreated, datemodified, modifiedby, description, displayname, name, x_dimension, x_dimensionlabel, y_dimension, y_dimensionlabel, person_fk) VALUES (100501, 'adminuser', '2010-10-20 11:07:33.893', '2010-10-22 10:37:25.155', 'superuser1', 'eight rows (Y) of 12 spaces/wells (columns) (X)', '8 Rows x 12 Columns', '12 X 8', 12, 'DIGITS', 8, 'ALL_UPPER_CASE', 100004);
INSERT INTO layout (id, createdby, datecreated, datemodified, modifiedby, description, displayname, name, x_dimension, x_dimensionlabel, y_dimension, y_dimensionlabel, person_fk) VALUES (100509, 'adminuser', '2010-10-20 12:36:08.469', '2010-10-22 10:37:44.426', 'superuser1', 'one row (Y) of 12 spaces/wells (columns) (X)', '1 Row x 12 Columns', '12 X 1', 12, 'DIGITS', 1, 'ALL_UPPER_CASE', 100004);
INSERT INTO layout (id, createdby, datecreated, datemodified, modifiedby, description, displayname, name, x_dimension, x_dimensionlabel, y_dimension, y_dimensionlabel, person_fk) VALUES (100515, 'adminuser', '2010-10-20 12:56:14.986', '2010-10-22 10:39:17.969', 'superuser1', 'one row (Y) of 8 spaces/wells (columns) (X)', '1 Row by 8 Columns', '1 x 8', 8, 'DIGITS', 1, 'ALL_UPPER_CASE', 100004);
INSERT INTO layout (id, createdby, datecreated, datemodified, modifiedby, description, displayname, name, x_dimension, x_dimensionlabel, y_dimension, y_dimensionlabel, person_fk) VALUES (100503, 'adminuser', '2010-10-20 12:07:37.393', '2010-10-22 10:40:04.014', 'superuser1', '16 rows (Y) of 24 spaces/wells columns) (X)', '16 Rows by 24 Columns', '24 X 16', 24, 'DIGITS', 16, 'ALL_UPPER_CASE', 100004);
INSERT INTO layout (id, createdby, datecreated, datemodified, modifiedby, description, displayname, name, x_dimension, x_dimensionlabel, y_dimension, y_dimensionlabel, person_fk) VALUES (100513, 'adminuser', '2010-10-20 12:51:24.605', '2010-10-22 10:40:34.866', 'superuser1', 'two rows (Y) of 4 spaces/wells (columns) (X)', '2 Rows by 4 Columns', '2 X 4', 4, 'DIGITS', 2, 'ALL_UPPER_CASE', NULL);
INSERT INTO layout (id, createdby, datecreated, datemodified, modifiedby, description, displayname, name, x_dimension, x_dimensionlabel, y_dimension, y_dimensionlabel, person_fk) VALUES (100514, 'adminuser', '2010-10-20 12:53:57.276', '2010-10-22 10:40:57.938', 'superuser1', 'two rows (Y) of 5 spaces/wells (columns) (X)', '2 Rows by 5 Columns', '2 X 5', 5, 'DIGITS', 2, 'ALL_UPPER_CASE', 100004);
INSERT INTO layout (id, createdby, datecreated, datemodified, modifiedby, description, displayname, name, x_dimension, x_dimensionlabel, y_dimension, y_dimensionlabel, person_fk) VALUES (100510, 'adminuser', '2010-10-20 12:42:24.165', '2010-10-22 10:41:30.923', 'superuser1', '4 rows (Y) of 12 spaces/wells (columns) (X)', '4 Rows by 12 Columns', '4 X 12', 12, 'DIGITS', 4, 'ALL_UPPER_CASE', 100004);
INSERT INTO layout (id, createdby, datecreated, datemodified, modifiedby, description, displayname, name, x_dimension, x_dimensionlabel, y_dimension, y_dimensionlabel, person_fk) VALUES (100506, 'adminuser', '2010-10-20 12:28:10.37', '2010-10-22 10:42:13.671', 'superuser1', 'four rows (Y) of 6 spaces/wells (columns) (X)****', '4 Rows By 6 Coloumns', '6 X 4', 6, 'DIGITS', 4, 'ALL_UPPER_CASE', 100004);
INSERT INTO layout (id, createdby, datecreated, datemodified, modifiedby, description, displayname, name, x_dimension, x_dimensionlabel, y_dimension, y_dimensionlabel, person_fk) VALUES (100516, 'adminuser', '2010-10-20 12:57:53.418', '2010-10-22 10:42:37.831', 'superuser1', 'six rows (Y) of 8 spaces/wells (columns) (X)', '6 Rows by 8  Columns', '6 X 8', 8, 'DIGITS', 6, 'ALL_UPPER_CASE', 100004);
INSERT INTO layout (id, createdby, datecreated, datemodified, modifiedby, description, displayname, name, x_dimension, x_dimensionlabel, y_dimension, y_dimensionlabel, person_fk) VALUES (100507, 'adminuser', '2010-10-20 12:31:19.2', '2010-10-22 10:43:00.619', 'superuser1', 'nine rows (Y) of nine spaces/wells (columns) (X)', '9 Rows by 9 Columns', '9 By 9', 9, 'DIGITS', 9, 'ALL_UPPER_CASE', 100004);

INSERT INTO fillpattern (id, createdby, datecreated, datemodified, modifiedby, description, displayname, name, person_fk, layout_fk) VALUES (100517, 'adminuser', '2010-10-20 13:03:36.228', NULL, NULL, '12X8 FillPattern by Col: fill starting in C01R01  (= X01Y01) and proceeds by column: C1R2, C1R3,..', 'C1R1-C12R8-ByCol', 'C1R1-C12R8-ByCol', 100004, 100501);
INSERT INTO fillpattern (id, createdby, datecreated, datemodified, modifiedby, description, displayname, name, person_fk, layout_fk) VALUES (100518, 'adminuser', '2010-10-20 13:11:35.651', '2010-10-20 13:11:50.966', 'adminuser', '10x10 FillPattern by Row: fill starting in C01R01  (= X01Y01) and proceeds by row: C02R01, C03R01,', 'C1R1-C10R10-ByRow', 'C1R1-C10R10-ByRow', 100004, 100508);
INSERT INTO fillpattern (id, createdby, datecreated, datemodified, modifiedby, description, displayname, name, person_fk, layout_fk) VALUES (100520, 'adminuser', '2010-10-20 13:16:34.843', NULL, NULL, '4X1 Container has one row of 4 spaces and is filled starting ..', 'C1R1-C4R1-ByRow', 'C1R1-C4R1-ByRow', 100004, 100512);
INSERT INTO fillpattern (id, createdby, datecreated, datemodified, modifiedby, description, displayname, name, person_fk, layout_fk) VALUES (100519, 'adminuser', '2010-10-20 13:13:43.674', '2010-10-20 13:18:13.556', 'adminuser', '2X1 Container has one row of 2 spaces and is filled starting in C1R1 (= X1Y1) ...', 'C1R1-C2R1-ByRow', 'C1R1-C2R1-ByRow', 100004, 100511);
INSERT INTO fillpattern (id, createdby, datecreated, datemodified, modifiedby, description, displayname, name, person_fk, layout_fk) VALUES (100521, 'adminuser', '2010-10-20 13:19:06.125', NULL, NULL, '8X1 Container has one row of 8 spaces and is filled starting in C1R1  (= X1Y1) ', 'C1R1-C8R1-ByRow', 'C1R1-C8R1-ByRow', 100004, 100515);
INSERT INTO fillpattern (id, createdby, datecreated, datemodified, modifiedby, description, displayname, name, person_fk, layout_fk) VALUES (100523, 'adminuser', '2010-10-20 13:41:59.824', NULL, NULL, '4 x 2 FillPattern by Row: fill starting in C1R1 (=X01Y01) and proceeds by row: C2R1, ...', 'C1R1-C4R2-ByRow', 'C1R1-C4R2-ByRow', 100004, 100513);
INSERT INTO fillpattern (id, createdby, datecreated, datemodified, modifiedby, description, displayname, name, person_fk, layout_fk) VALUES (100524, 'adminuser', '2010-10-20 13:44:18.451', NULL, NULL, '4X2 FillPattern by Column: fill starting in C1R1  (= X01Y01) ', 'C1R1-C4R2-ByCol', 'C1R1-C4R2-ByCol', 100004, 100513);
INSERT INTO fillpattern (id, createdby, datecreated, datemodified, modifiedby, description, displayname, name, person_fk, layout_fk) VALUES (100522, 'adminuser', '2010-10-20 13:36:16.683', '2010-10-20 13:46:34.949', 'adminuser', '12X1 Container has one row of 12 spaces and is filled starting in R01C01 and proceeds by row: C02R01', 'C1R1-C12R1-ByRow', 'C1R1-C12R1-ByRow', 100004, 100509);
INSERT INTO fillpattern (id, createdby, datecreated, datemodified, modifiedby, description, displayname, name, person_fk, layout_fk) VALUES (100525, 'adminuser', '2010-10-20 13:47:49.13', NULL, NULL, '5X2 FillPattern by Row:  fill starting in C1R1 (= X01Y01) and proceeds by row: C2R1,', 'C1R1-C5R2-ByRow', 'C1R1-C5R2-ByRow', 100004, 100514);
INSERT INTO fillpattern (id, createdby, datecreated, datemodified, modifiedby, description, displayname, name, person_fk, layout_fk) VALUES (100526, 'adminuser', '2010-10-20 13:49:06.977', NULL, NULL, '5X2 FillPattern by Column: fill starting in C1R1 (= X01Y01) and proceeds by column: C1R2,', 'C1R1-C5R2-ByCol', 'C1R1-C5R2-ByCol', 100004, 100514);
INSERT INTO fillpattern (id, createdby, datecreated, datemodified, modifiedby, description, displayname, name, person_fk, layout_fk) VALUES (100527, 'adminuser', '2010-10-20 13:52:02.611', NULL, NULL, '6X4 FillPattern by Row: fill starting in C1R1  (= X01Y01) and proceeds by row: C2R1, ', 'C1R1-C6R4-ByRow', 'C1R1-C6R4-ByRow', 100004, 100506);
INSERT INTO fillpattern (id, createdby, datecreated, datemodified, modifiedby, description, displayname, name, person_fk, layout_fk) VALUES (100528, 'adminuser', '2010-10-20 13:53:19.091', NULL, NULL, '6X4 FillPattern by Column: fill starting in C1R1  (= X01Y01) and proceeds by column: C1R2,', 'C1R1-C6R4ByCol', 'C1R1-C6R4ByCol', NULL, 100506);
INSERT INTO fillpattern (id, createdby, datecreated, datemodified, modifiedby, description, displayname, name, person_fk, layout_fk) VALUES (100529, 'adminuser', '2010-10-20 13:56:14.311', NULL, NULL, '12X4 FillPattern by Row: fill starting in C01R01  (= X01Y01) and proceeds by row: C02R01,', 'C1R1-C12R4-ByRow', 'C1R1-C12R4-ByRow', 100004, 100510);
INSERT INTO fillpattern (id, createdby, datecreated, datemodified, modifiedby, description, displayname, name, person_fk, layout_fk) VALUES (100530, 'adminuser', '2010-10-20 13:59:31.102', NULL, NULL, '12X4 FillPattern by Col: fill starting in C1R1  (= X01Y01) and proceeds by column: C1R2, ', 'C1R1-C12R4-ByCol', 'C1R1-C12R4-ByCol', NULL, 100510);
INSERT INTO fillpattern (id, createdby, datecreated, datemodified, modifiedby, description, displayname, name, person_fk, layout_fk) VALUES (100531, 'adminuser', '2010-10-20 14:10:09.777', NULL, NULL, '10X1 Container has one row of 10 spaces and is filled starting in C1R1 and proceeds by row: C02R01', 'C1R1-C10R1-ByRow', 'C1R1-C10R1-ByRow', NULL, 100504);
INSERT INTO fillpattern (id, createdby, datecreated, datemodified, modifiedby, description, displayname, name, person_fk, layout_fk) VALUES (100541, 'superuser1', '2010-10-21 20:41:59.684', NULL, NULL, 'Random distribution of samples leaving blank wells for controls.', '12x8RandomPlusControls', '12x8RandomPlusControls', 100003, 100501);
INSERT INTO fillpattern (id, createdby, datecreated, datemodified, modifiedby, description, displayname, name, person_fk, layout_fk) VALUES (100505, 'adminuser', '2010-10-20 12:17:52.862', '2010-10-22 16:53:49.334', 'superuser1', ' 12X8 FillPattern by Row: fill starting in C01R01  (= X01Y01) and proceeds by row: R01C02, R01C03, .', 'C1R1-C12R8-ByRow', 'C1R1-C12R8-ByRow', 100004, 100501);
INSERT INTO fillpattern (id, createdby, datecreated, datemodified, modifiedby, description, displayname, name, person_fk, layout_fk) VALUES (199577, 'superuser1', '2010-11-01 17:27:47.567', NULL, NULL, '5X1 Container has one row of 5 spaces and is filled starting in C1R1 (= X1Y1) and proceeds by row: C2R1, C3R1, C4R1 (=X4Y1), C5R1 (=X5Y1).', 'C1R1-C5R1-ByRow', 'C1R1-C5R1-ByRow', 100004, 199576);
INSERT INTO fillpattern (id, createdby, datecreated, datemodified, modifiedby, description, displayname, name, person_fk, layout_fk) VALUES (309142, 'superuser1', '2010-12-02 14:38:55.397', NULL, NULL, 'C2T1Demo384PlateC1R1TOC16by24', 'C2T1Demo384PlateC1R1TOC16R1', 'C2T1Demo384PlateC1R1TOC16R1', 100003, 100503);

INSERT INTO location (id, createdby, datecreated, datemodified, modifiedby, description, displayname, name, status, value, location_fk, type_fk, travelhistory_fk)   VALUES (100130, 'superuser1', '2010-08-20 19:50:59.002', NULL, NULL, 'Main campus for NIH', 'NIH-Bethesda', 'NIH Campus - Betheda', 'ACTIVE', '9000 Rockville Pike', NULL, 100126, NULL);  
INSERT INTO location (id, createdby, datecreated, datemodified, modifiedby, description, displayname, name, status, value, location_fk, type_fk, travelhistory_fk)   VALUES (100155, 'superuser1', '2010-08-23 14:59:51.174', NULL, NULL, 'NIH Building 10', 'Bldg. 10', 'NIH Building 10', 'ACTIVE', 'Building 10', 100130, 100126, NULL);  
INSERT INTO location (id, createdby, datecreated, datemodified, modifiedby, description, displayname, name, status, value, location_fk, type_fk, travelhistory_fk)   VALUES (100164, 'labmanager1', '2010-08-23 16:23:48.312', NULL, NULL, 'Main building for Demo University 2', 'Demo University 2 Location 1', 'Demo University 2 Location 1', 'CURRENT', 'Demo University 2 Main Bldg.', NULL, 100126, NULL);  
INSERT INTO location (id, createdby, datecreated, datemodified, modifiedby, description, displayname, name, status, value, location_fk, type_fk, travelhistory_fk)   VALUES (100166, 'labmanager1', '2010-08-23 16:28:39.538', NULL, NULL, 'Location of University2 Genomics Core Facility', 'Demo Univ2 CF1 Bldg.', 'Demo University 2 Core Facility1', 'ACTIVE', 'University2 CF1 Bldg.', NULL, 100126, NULL);  
INSERT INTO location (id, createdby, datecreated, datemodified, modifiedby, description, displayname, name, status, value, location_fk, type_fk, travelhistory_fk)   VALUES (100176, 'labmanager1', '2010-08-23 17:30:03.083', NULL, NULL, 'NCI Building at 2115 E. Jefferson St.', 'EJ2115', 'NCI EJ2115 Building', 'ACTIVE', '2115 E. Jefferson Building', NULL, 100126, NULL);  
INSERT INTO location (id, createdby, datecreated, datemodified, modifiedby, description, displayname, name, status, value, location_fk, type_fk, travelhistory_fk)   VALUES (100208, 'superuser1', '2010-08-24 14:07:10.627', NULL, NULL, 'A demo building on NIH Bethesda campus.', 'NIH Building 90', 'NIH Building 90', 'ACTIVE', 'NIH Bldg. 90', 100130, 100126, NULL);  
INSERT INTO location (id, createdby, datecreated, datemodified, modifiedby, description, displayname, name, status, value, location_fk, type_fk, travelhistory_fk)   VALUES (100174, 'labmanager1', '2010-08-23 17:23:53.51', NULL, NULL, 'Building 41 on main NIH campus.', 'NIH Bldg. 41', 'NIH Building 41', 'ACTIVE', 'NIH Bldg. 41', 100130, 100126, NULL);  
INSERT INTO location (id, createdby, datecreated, datemodified, modifiedby, description, displayname, name, status, value, location_fk, type_fk, travelhistory_fk)   VALUES (100162, 'superuser1', '2010-08-23 15:53:06.069', NULL, NULL, 'Main Campus of Demo U1 - Main Bldg.', 'Demo University1 Location1', 'Demo University 1 Location 1', 'CURRENT', 'Demo University1 Main Camplus Bldg. 1', NULL, 100126, NULL);  
INSERT INTO location (id, createdby, datecreated, datemodified, modifiedby, description, displayname, name, status, value, location_fk, type_fk, travelhistory_fk)   VALUES (100200, 'superuser1', '2010-08-23 23:14:06.659', NULL, NULL, 'Building for Core Facility1', 'Demo Univ1 Core Facility1 Location', 'Demo University 1 Core Facility 1 Location', 'ACTIVE', 'Core Facility Bldg. 1A', 100162, 100126, NULL);  
INSERT INTO location (id, createdby, datecreated, datemodified, modifiedby, description, displayname, name, status, value, location_fk, type_fk, travelhistory_fk)   VALUES (199640, 'labmanager1', '2010-11-08 10:10:30.975', NULL, NULL, 'The location of Demo Univ1 Core Facility 2 Laboratory.', 'Demo Univ1 CF2 Location', 'Demo Univ1 Core Facility 2 Location', 'ACTIVE', 'Demo Univ1 Core Facility 2 Location', 100162, 100126, NULL);  


INSERT INTO laboratory (id, createdby, datecreated, datemodified, modifiedby, description, displayname, name, status, location_fk) VALUES (100180, 'labmanager1', '2010-08-23 17:42:20.501', NULL, NULL, 'The team of bioinformatician that support LPG efforts.', 'LPG Bioinformatics Core', 'LPG Bioinformatics Core', 'ACTIVE', 100176);
INSERT INTO laboratory (id, createdby, datecreated, datemodified, modifiedby, description, displayname, name, status, location_fk) VALUES (100182, 'labmanager1', '2010-08-23 17:45:07.992', NULL, NULL, 'The Laboratory (wet) for LPG.', 'LPG Lab', 'LPG Laboratory', 'ACTIVE', 100174);
INSERT INTO laboratory (id, createdby, datecreated, datemodified, modifiedby, description, displayname, name, status, location_fk) VALUES (100178, 'labmanager1', '2010-08-23 17:38:04.195', '2010-08-23 23:10:44.028', 'superuser1', 'A core facility of Demo university 2.', 'Demo Univ2 CF1', 'Demo University 2 Core Facility1', 'ACTIVE', 100166);
INSERT INTO laboratory (id, createdby, datecreated, datemodified, modifiedby, description, displayname, name, status, location_fk) VALUES (100131, 'superuser1', '2010-08-20 19:51:23.392', '2010-08-24 14:48:34.224', 'superuser1', 'Demo lab 1', 'Laboratory1', 'Laboratory One', 'ACTIVE', 100208);
INSERT INTO laboratory (id, createdby, datecreated, datemodified, modifiedby, description, displayname, name, status, location_fk) VALUES (10000, 'adminuser', '2010-08-17 13:00:29.432', '2010-11-08 10:04:53.324', 'labmanager1', 'A research lab for demonstration purposes.', 'Demo Research lab1', 'Demo Research lab1', 'ACTIVE', 100155);
INSERT INTO laboratory (id, createdby, datecreated, datemodified, modifiedby, description, displayname, name, status, location_fk) VALUES (100183, 'labmanager1', '2010-08-23 17:47:17.254', '2010-11-08 10:06:26.554', 'labmanager1', 'A core facility at Demo University 1 that does microarray assays.', 'Demo Univ1 CF1', 'Demo University 1 Core Facility1', 'ACTIVE', 100200);
INSERT INTO laboratory (id, createdby, datecreated, datemodified, modifiedby, description, displayname, name, status, location_fk) VALUES (199641, 'labmanager1', '2010-11-08 10:10:43.993', '2010-11-17 15:52:36.895', 'adminuser', 'A core facility at Demo University 1 that does HT sequencing assays.', 'Demo Univ1 CF2', 'Demo University1 CoreFacility 2', 'ACTIVE', 199640);


INSERT INTO rate (id, createdby, datecreated, datemodified, modifiedby, description, displayname, name, quantity_value, status, person_fk, quantity_standardunit_fk, quantity_type_fk, type_fk) VALUES (400008, 'adminuser', '2011-01-24 17:46:25.679', NULL, NULL, 'NonDiscountedRate', 'NonDiscountedRate', 'NonDiscountedRate', '100', 'DEFAULT', 100007, 400007, 8003, 100108);
INSERT INTO rate (id, createdby, datecreated, datemodified, modifiedby, description, displayname, name, quantity_value, status, person_fk, quantity_standardunit_fk, quantity_type_fk, type_fk) VALUES (400049, 'superuser1', '2011-01-25 17:51:03.519', NULL, NULL, 'This is the rate (cost per unit) for $100 per hour.', 'Rate-$100/hr.', 'Rate-$100/hr.', '100', 'DEFAULT', 100004, 400007, 8003, 199535);
INSERT INTO rate (id, createdby, datecreated, datemodified, modifiedby, description, displayname, name, quantity_value, status, person_fk, quantity_standardunit_fk, quantity_type_fk, type_fk) VALUES (400050, 'superuser1', '2011-01-25 17:59:28.511', NULL, NULL, 'Rate- $400/sample', 'Rate- $400/sample', 'Rate- $400/sample', '400', 'DEFAULT', 100004, 199402, 8003, 100107);
INSERT INTO rate (id, createdby, datecreated, datemodified, modifiedby, description, displayname, name, quantity_value, status, person_fk, quantity_standardunit_fk, quantity_type_fk, type_fk) VALUES (400054, 'superuser1', '2011-01-25 18:05:02.853', '2011-01-25 18:07:17.47', 'superuser1', 'Rate-$600/sample', 'Rate-$600/sample', 'Rate-$600/sample', '600', 'DEFAULT', 100004, 400007, 8003, 100107);
INSERT INTO rate (id, createdby, datecreated, datemodified, modifiedby, description, displayname, name, quantity_value, status, person_fk, quantity_standardunit_fk, quantity_type_fk, type_fk) VALUES (400056, 'superuser1', '2011-01-25 18:15:51.615', NULL, NULL, 'Rate-$300/hr', 'Rate-$300/hr', 'Rate-$300/hr', '300', 'DEFAULT', 100004, 400007, 8003, 100107);
INSERT INTO rate (id, createdby, datecreated, datemodified, modifiedby, description, displayname, name, quantity_value, status, person_fk, quantity_standardunit_fk, quantity_type_fk, type_fk) VALUES (400059, 'superuser1', '2011-01-25 18:20:53.311', NULL, NULL, 'Rate-$1/sample', 'Rate-$1/sample', 'Rate-$1/sample', '1', 'DEFAULT', 100004, 400007, 8003, 100107);
INSERT INTO rate (id, createdby, datecreated, datemodified, modifiedby, description, displayname, name, quantity_value, status, person_fk, quantity_standardunit_fk, quantity_type_fk, type_fk) VALUES (400063, 'superuser1', '2011-01-25 18:32:40.432', NULL, NULL, 'Rate-$800/sample', 'Rate-$800/sample', 'Rate-$800/sample', '800', 'DEFAULT', 100004, 400007, 8003, 199535);
INSERT INTO rate (id, createdby, datecreated, datemodified, modifiedby, description, displayname, name, quantity_value, status, person_fk, quantity_standardunit_fk, quantity_type_fk, type_fk) VALUES (400067, 'superuser1', '2011-01-25 18:44:28.256', NULL, NULL, 'Rate-$4.50/sample', 'Rate-$4.50/sample', 'Rate-$4.50/sample', '4.5', 'DEFAULT', 100004, 400007, 8003, 100107);
INSERT INTO rate (id, createdby, datecreated, datemodified, modifiedby, description, displayname, name, quantity_value, status, person_fk, quantity_standardunit_fk, quantity_type_fk, type_fk) VALUES (400070, 'superuser1', '2011-01-25 18:51:07.771', NULL, NULL, 'Rate-$0.60/sample for 94 samples in 96-well plate.', 'Rate-$0.60/sample', 'Rate-$0.60/sample', '0.6', 'DEFAULT', 100004, 400007, 8003, 100109);
INSERT INTO rate (id, createdby, datecreated, datemodified, modifiedby, description, displayname, name, quantity_value, status, person_fk, quantity_standardunit_fk, quantity_type_fk, type_fk) VALUES (400072, 'superuser1', '2011-01-25 18:56:01.966', NULL, NULL, 'Rate-$1.55/sample', 'Rate-$1.55/sample', 'Rate-$1.55/sample', '1.55', 'DEFAULT', 100004, 400007, 8003, 100108);
INSERT INTO rate (id, createdby, datecreated, datemodified, modifiedby, description, displayname, name, quantity_value, status, person_fk, quantity_standardunit_fk, quantity_type_fk, type_fk) VALUES (400074, 'superuser1', '2011-01-25 18:58:22.588', NULL, NULL, 'Rate-$1.75/sample', 'Rate-$1.75/sample', 'Rate-$1.75/sample', '1.75', 'DEFAULT', 100004, 400007, 8003, 100107);
INSERT INTO rate (id, createdby, datecreated, datemodified, modifiedby, description, displayname, name, quantity_value, status, person_fk, quantity_standardunit_fk, quantity_type_fk, type_fk) VALUES (400076, 'superuser1', '2011-01-25 18:59:33.485', NULL, NULL, 'Rate-$1.45/sample', 'Rate-$1.45/sample', 'Rate-$1.45/sample', '1.45', 'DEFAULT', 100004, 400007, 8003, 100107);
INSERT INTO rate (id, createdby, datecreated, datemodified, modifiedby, description, displayname, name, quantity_value, status, person_fk, quantity_standardunit_fk, quantity_type_fk, type_fk) VALUES (400077, 'superuser1', '2011-01-25 19:10:44.693', NULL, NULL, 'Rate-$50/sample', 'Rate-$50/sample', 'Rate-$50/sample', '50', 'DEFAULT', 100004, 400007, 8003, 100107);


INSERT INTO containersubcategory (id, createdby, datecreated, datemodified, modifiedby, description, displayname, name, type_fk) VALUES (9016, NULL, NULL, NULL, NULL, 'Centrifuge', 'Centrifuge', 'Centrifuge', 9005);
INSERT INTO containersubcategory (id, createdby, datecreated, datemodified, modifiedby, description, displayname, name, type_fk) VALUES (9017, NULL, NULL, NULL, NULL, 'Narrow Mouth', 'Narrow Mouth', 'Narrow Mouth', 9005);
INSERT INTO containersubcategory (id, createdby, datecreated, datemodified, modifiedby, description, displayname, name, type_fk) VALUES (9018, NULL, NULL, NULL, NULL, 'Roller', 'Roller', 'Roller', 9005);
INSERT INTO containersubcategory (id, createdby, datecreated, datemodified, modifiedby, description, displayname, name, type_fk) VALUES (9019, NULL, NULL, NULL, NULL, 'Screw Top', 'Screw Top', 'Screw Top', 9005);
INSERT INTO containersubcategory (id, createdby, datecreated, datemodified, modifiedby, description, displayname, name, type_fk) VALUES (9020, NULL, NULL, NULL, NULL, 'Wide Mouth', 'Wide Mouth', 'Wide Mouth', 9005);
INSERT INTO containersubcategory (id, createdby, datecreated, datemodified, modifiedby, description, displayname, name, type_fk) VALUES (9021, NULL, NULL, NULL, NULL, 'Fiberboard', 'Fiberboard', 'Fiberboard', 9004);
INSERT INTO containersubcategory (id, createdby, datecreated, datemodified, modifiedby, description, displayname, name, type_fk) VALUES (9022, NULL, NULL, NULL, NULL, 'Polycarbonate', 'Polycarbonate', 'Polycarbonate', 9004);
INSERT INTO containersubcategory (id, createdby, datecreated, datemodified, modifiedby, description, displayname, name, type_fk) VALUES (9023, NULL, NULL, NULL, NULL, 'Containment', 'Containment', 'Containment', 9006);
INSERT INTO containersubcategory (id, createdby, datecreated, datemodified, modifiedby, description, displayname, name, type_fk) VALUES (9024, NULL, NULL, NULL, NULL, 'Lead-Lined', 'Lead-Lined', 'Lead-Lined', 9006);
INSERT INTO containersubcategory (id, createdby, datecreated, datemodified, modifiedby, description, displayname, name, type_fk) VALUES (9025, NULL, NULL, NULL, NULL, 'Biopsy', 'Biopsy', 'Biopsy', 9060);
INSERT INTO containersubcategory (id, createdby, datecreated, datemodified, modifiedby, description, displayname, name, type_fk) VALUES (9026, NULL, NULL, NULL, NULL, 'Goblet', 'Goblet', 'Goblet', 9060);
INSERT INTO containersubcategory (id, createdby, datecreated, datemodified, modifiedby, description, displayname, name, type_fk) VALUES (9027, NULL, NULL, NULL, NULL, 'Straw', 'Straw', 'Straw', 9060);
INSERT INTO containersubcategory (id, createdby, datecreated, datemodified, modifiedby, description, displayname, name, type_fk) VALUES (9028, NULL, NULL, NULL, NULL, 'Tissue', 'Tissue', 'Tissue', 9060);
INSERT INTO containersubcategory (id, createdby, datecreated, datemodified, modifiedby, description, displayname, name, type_fk) VALUES (9029, NULL, NULL, NULL, NULL, 'Glass', 'Glass', 'Glass', 9007);
INSERT INTO containersubcategory (id, createdby, datecreated, datemodified, modifiedby, description, displayname, name, type_fk) VALUES (9030, NULL, NULL, NULL, NULL, 'Polycarbonate', 'Polycarbonate', 'Polycarbonate', 9007);
INSERT INTO containersubcategory (id, createdby, datecreated, datemodified, modifiedby, description, displayname, name, type_fk) VALUES (9031, NULL, NULL, NULL, NULL, 'Polypropylene', 'Polypropylene', 'Polypropylene', 9007);
INSERT INTO containersubcategory (id, createdby, datecreated, datemodified, modifiedby, description, displayname, name, type_fk) VALUES (9032, NULL, NULL, NULL, NULL, 'PCR', 'PCR', 'PCR', 9008);
INSERT INTO containersubcategory (id, createdby, datecreated, datemodified, modifiedby, description, displayname, name, type_fk) VALUES (9033, NULL, NULL, NULL, NULL, 'Sequencing', 'Sequencing', 'Sequencing', 9008);
INSERT INTO containersubcategory (id, createdby, datecreated, datemodified, modifiedby, description, displayname, name, type_fk) VALUES (9034, NULL, NULL, NULL, NULL, 'Pen', 'Pen', 'Pen', 9009);
INSERT INTO containersubcategory (id, createdby, datecreated, datemodified, modifiedby, description, displayname, name, type_fk) VALUES (9035, NULL, NULL, NULL, NULL, '384-Well', '384-Well', '384-Well', 9010);
INSERT INTO containersubcategory (id, createdby, datecreated, datemodified, modifiedby, description, displayname, name, type_fk) VALUES (9036, NULL, NULL, NULL, NULL, '96-Well', '96-Well', '96-Well', 9010);
INSERT INTO containersubcategory (id, createdby, datecreated, datemodified, modifiedby, description, displayname, name, type_fk) VALUES (9037, NULL, NULL, NULL, NULL, 'Cell Culture', 'Cell Culture', 'Cell Culture', 9010);
INSERT INTO containersubcategory (id, createdby, datecreated, datemodified, modifiedby, description, displayname, name, type_fk) VALUES (9038, NULL, NULL, NULL, NULL, 'Freezer', 'Freezer', 'Freezer', 9011);
INSERT INTO containersubcategory (id, createdby, datecreated, datemodified, modifiedby, description, displayname, name, type_fk) VALUES (9039, NULL, NULL, NULL, NULL, 'Freezer-Goblet', 'Freezer-Goblet', 'Freezer-Goblet', 9011);
INSERT INTO containersubcategory (id, createdby, datecreated, datemodified, modifiedby, description, displayname, name, type_fk) VALUES (9040, NULL, NULL, NULL, NULL, 'Microtube', 'Microtube', 'Microtube', 9011);
INSERT INTO containersubcategory (id, createdby, datecreated, datemodified, modifiedby, description, displayname, name, type_fk) VALUES (9041, NULL, NULL, NULL, NULL, 'Plate', 'Plate', 'Plate', 9011);
INSERT INTO containersubcategory (id, createdby, datecreated, datemodified, modifiedby, description, displayname, name, type_fk) VALUES (9042, NULL, NULL, NULL, NULL, 'Test Tube', 'Test Tube', 'Test Tube', 9011);
INSERT INTO containersubcategory (id, createdby, datecreated, datemodified, modifiedby, description, displayname, name, type_fk) VALUES (9043, NULL, NULL, NULL, NULL, 'Fiberboard', 'Fiberboard', 'Fiberboard', 9012);
INSERT INTO containersubcategory (id, createdby, datecreated, datemodified, modifiedby, description, displayname, name, type_fk) VALUES (9044, NULL, NULL, NULL, NULL, 'Styrofoam', 'Styrofoam', 'Styrofoam', 9012);
INSERT INTO containersubcategory (id, createdby, datecreated, datemodified, modifiedby, description, displayname, name, type_fk) VALUES (9045, NULL, NULL, NULL, NULL, 'Glass', 'Glass', 'Glass', 9013);
INSERT INTO containersubcategory (id, createdby, datecreated, datemodified, modifiedby, description, displayname, name, type_fk) VALUES (9046, NULL, NULL, NULL, NULL, 'CBS', 'CBS', 'CBS', 9013);
INSERT INTO containersubcategory (id, createdby, datecreated, datemodified, modifiedby, description, displayname, name, type_fk) VALUES (9047, NULL, NULL, NULL, NULL, 'Sample Collection', 'Sample Collection', 'Sample Collection', 9014);
INSERT INTO containersubcategory (id, createdby, datecreated, datemodified, modifiedby, description, displayname, name, type_fk) VALUES (9048, NULL, NULL, NULL, NULL, 'Transport', 'Transport', 'Transport', 9014);
INSERT INTO containersubcategory (id, createdby, datecreated, datemodified, modifiedby, description, displayname, name, type_fk) VALUES (9050, NULL, NULL, NULL, NULL, 'Blood Collection', 'Blood Collection', 'Blood Collection', 9014);
INSERT INTO containersubcategory (id, createdby, datecreated, datemodified, modifiedby, description, displayname, name, type_fk) VALUES (9051, NULL, NULL, NULL, NULL, 'Capillary', 'Capillary', 'Capillary', 9015);
INSERT INTO containersubcategory (id, createdby, datecreated, datemodified, modifiedby, description, displayname, name, type_fk) VALUES (9052, NULL, NULL, NULL, NULL, 'Centrifuge', 'Centrifuge', 'Centrifuge', 9015);
INSERT INTO containersubcategory (id, createdby, datecreated, datemodified, modifiedby, description, displayname, name, type_fk) VALUES (9053, NULL, NULL, NULL, NULL, 'Microtube Flat Top', 'Microtube Flat Top', 'Microtube Flat Top', 9015);
INSERT INTO containersubcategory (id, createdby, datecreated, datemodified, modifiedby, description, displayname, name, type_fk) VALUES (9054, NULL, NULL, NULL, NULL, 'Microtube Screw Top', 'Microtube Screw Top', 'Microtube Screw Top', 9015);
INSERT INTO containersubcategory (id, createdby, datecreated, datemodified, modifiedby, description, displayname, name, type_fk) VALUES (9055, NULL, NULL, NULL, NULL, 'Microtube Strip', 'Microtube Strip', 'Microtube Strip', 9015);
INSERT INTO containersubcategory (id, createdby, datecreated, datemodified, modifiedby, description, displayname, name, type_fk) VALUES (9056, NULL, NULL, NULL, NULL, 'Optical', 'Optical', 'Optical', 9015);
INSERT INTO containersubcategory (id, createdby, datecreated, datemodified, modifiedby, description, displayname, name, type_fk) VALUES (9057, NULL, NULL, NULL, NULL, 'Screw Top', 'Screw Top', 'Screw Top', 9015);
INSERT INTO containersubcategory (id, createdby, datecreated, datemodified, modifiedby, description, displayname, name, type_fk) VALUES (9058, NULL, NULL, NULL, NULL, 'Ultra Centrifuge', 'Ultra Centrifuge', 'Ultra Centrifuge', 9015);
INSERT INTO containersubcategory (id, createdby, datecreated, datemodified, modifiedby, description, displayname, name, type_fk) VALUES (9059, NULL, NULL, NULL, NULL, 'Polypropylene', 'Polypropylene', 'Polypropylene', 9004);
INSERT INTO containersubcategory (id, createdby, datecreated, datemodified, modifiedby, description, displayname, name, type_fk) VALUES (199510, 'superuser1', '2010-10-22 14:19:33.508', NULL, NULL, 'A single ''well'' in a container that cannot be physically separated from the parent container (example a well in a 96-well plate).', 'Well', 'Well', 199509);
INSERT INTO containersubcategory (id, createdby, datecreated, datemodified, modifiedby, description, displayname, name, type_fk) VALUES (199517, 'superuser1', '2010-10-22 14:40:50.853', NULL, NULL, 'Visotube is part of the CBS Liquid N2 Freezer System.  A visotubes holds 12-14 straws.  There are 11 visotubes per Goblet and 6 Goblets per Goblet cannister/rack.', 'Visotube', 'Visotube', 9015);
INSERT INTO containersubcategory (id, createdby, datecreated, datemodified, modifiedby, description, displayname, name, type_fk) VALUES (199564, 'superuser1', '2010-10-29 13:43:53.356', NULL, NULL, 'A sample collection card that has filter spots to collect fluid samples such as blood, serum, or plasma.', 'FilterSpotCard', 'FilterSpotCard', 199562);
INSERT INTO containersubcategory (id, createdby, datecreated, datemodified, modifiedby, description, displayname, name, type_fk) VALUES (199565, 'superuser1', '2010-10-29 13:47:46.311', NULL, NULL, 'A single filter spot on a Filter Spot Collection Card where the sample is applied.', 'FilterSpot', 'FilterSpot', 199563);
INSERT INTO containersubcategory (id, createdby, datecreated, datemodified, modifiedby, description, displayname, name, type_fk) VALUES (199567, 'superuser1', '2010-11-01 12:29:49.207', NULL, NULL, 'plastic storage bag with zipper seal, used to store filter spot cards.', 'ZipperSealed', 'ZipperSealed', 199566);
INSERT INTO containersubcategory (id, createdby, datecreated, datemodified, modifiedby, description, displayname, name, type_fk) VALUES (199579, 'superuser1', '2010-11-01 19:03:46.424', '2010-11-01 19:04:16.605', 'superuser1', 'A microscope slide composed of glass.', 'Glass', 'Glass', 199578);
INSERT INTO containersubcategory (id, createdby, datecreated, datemodified, modifiedby, description, displayname, name, type_fk) VALUES (199645, 'labmanager1', '2010-11-08 19:19:25.904', NULL, NULL, 'Bioanalyzer kit - contains reagents and chips for analysis using the Agilent Bioanalyzer platform.', 'Bioanalyzer', 'Bioanalyzer', 9008);
INSERT INTO containersubcategory (id, createdby, datecreated, datemodified, modifiedby, description, displayname, name, type_fk) VALUES (633, 'superuser1', '2010-11-24 19:20:21.583', NULL, NULL, 'A pen or cage.', 'pen', 'pen', 632);

INSERT INTO containertype (id, createdby, datecreated, datemodified, modifiedby, description, displayname, name, composition, containertype_fk, containersubcategory_fk, layout_fk) VALUES (199570, 'superuser1', '2010-11-01 12:45:09.552', '2010-11-24 19:38:44.99', 'superuser1', 'fillter spot (maxCapacity =  20 ul); each spot will be treated as a sample container with punches being the aliquot.', 'spot_filterSpot_20ul', 'spot_filterSpot_20ul', 'SIMPLE', NULL, 199565, 100502);
INSERT INTO containertype (id, createdby, datecreated, datemodified, modifiedby, description, displayname, name, composition, containertype_fk, containersubcategory_fk, layout_fk) VALUES (9079, NULL, NULL, NULL, NULL, 'holds biopsy samples for storage', 'cassette_biopsy_1x1', 'cassette_biopsy_1x1', 'SIMPLE', NULL, 9025, 100502);
INSERT INTO containertype (id, createdby, datecreated, datemodified, modifiedby, description, displayname, name, composition, containertype_fk, containersubcategory_fk, layout_fk) VALUES (199574, 'superuser1', '2010-11-01 12:54:10.167', NULL, NULL, 'fillter spot card FTA DMPK-B with 4 spots (maxCapacity) and each spot takes 20 ul.  Each spot will be treated as a sample with punches being the aliquot.', 'collectionCard_filterSpotCard_ftaDMPK-Bx4x20ul', 'collectionCard_filterSpotCard_ftaDMPK-Bx4x20ul', 'COMPLEX', 199570, 199564, 100512);
INSERT INTO containertype (id, createdby, datecreated, datemodified, modifiedby, description, displayname, name, composition, containertype_fk, containersubcategory_fk, layout_fk) VALUES (199575, 'superuser1', '2010-11-01 12:54:54.678', NULL, NULL, 'fillter spot card FTA DMPK-C with 4 spots (maxCapacity) and each spot takes 20 ul.  Each spot will be treated as a sample with punches being the aliquot.', 'collectionCard_filterSpotCard_ftaDMPK-Cx4x20ul', 'collectionCard_filterSpotCard_ftaDMPK-Cx4x20ul', 'COMPLEX', 199570, 199564, 100512);
INSERT INTO containertype (id, createdby, datecreated, datemodified, modifiedby, description, displayname, name, composition, containertype_fk, containersubcategory_fk, layout_fk) VALUES (9060, NULL, NULL, NULL, NULL, '1x1,maxVol = 500 ml', 'bottle_centrifuge_screwTop_500ml', 'bottle_centrifuge_screwTop_500ml', 'SIMPLE', NULL, 9016, 100502);
INSERT INTO containertype (id, createdby, datecreated, datemodified, modifiedby, description, displayname, name, composition, containertype_fk, containersubcategory_fk, layout_fk) VALUES (9061, NULL, NULL, NULL, NULL, '1x1, maxVol = 250 ml', 'bottle_centrifuge_screwTop_250ml', 'bottle_centrifuge_screwTop_250ml', 'SIMPLE', NULL, 9016, 100502);
INSERT INTO containertype (id, createdby, datecreated, datemodified, modifiedby, description, displayname, name, composition, containertype_fk, containersubcategory_fk, layout_fk) VALUES (9063, NULL, NULL, NULL, NULL, '1x1, maxVol = 500 ml', 'bottle_narrowMouth_screwTop_500ml', 'bottle_narrowMouth_screwTop_500ml', 'SIMPLE', NULL, 9017, 100502);
INSERT INTO containertype (id, createdby, datecreated, datemodified, modifiedby, description, displayname, name, composition, containertype_fk, containersubcategory_fk, layout_fk) VALUES (9065, NULL, NULL, NULL, NULL, '1x1, maxVol = 500 ml', 'bottle_roller_screwTop_500ml', 'bottle_roller_screwTop_500ml', 'SIMPLE', NULL, 9018, 100502);
INSERT INTO containertype (id, createdby, datecreated, datemodified, modifiedby, description, displayname, name, composition, containertype_fk, containersubcategory_fk, layout_fk) VALUES (9066, NULL, NULL, NULL, NULL, '1x1, maxVol = 250 ml', 'bottle_roller_screwTop_250ml', 'bottle_roller_screwTop_250ml', 'SIMPLE', NULL, 9018, 100502);
INSERT INTO containertype (id, createdby, datecreated, datemodified, modifiedby, description, displayname, name, composition, containertype_fk, containersubcategory_fk, layout_fk) VALUES (9067, NULL, NULL, NULL, NULL, '1x1, maxVol = 1 L', 'bottle_roller_screwTop_1L', 'bottle_roller_screwTop_1L', 'SIMPLE', NULL, 9018, 100502);
INSERT INTO containertype (id, createdby, datecreated, datemodified, modifiedby, description, displayname, name, composition, containertype_fk, containersubcategory_fk, layout_fk) VALUES (9068, NULL, NULL, NULL, NULL, '1x1, maxVol = 1 L', 'bottle_screwtop_500ml', 'bottle_screwtop_500ml', 'SIMPLE', NULL, 9019, 100502);
INSERT INTO containertype (id, createdby, datecreated, datemodified, modifiedby, description, displayname, name, composition, containertype_fk, containersubcategory_fk, layout_fk) VALUES (9070, NULL, NULL, NULL, NULL, '1x1, maxVol = 1 L', 'bottle_screwtop_1L', 'bottle_screwtop_1L', 'SIMPLE', NULL, 9019, 100502);
INSERT INTO containertype (id, createdby, datecreated, datemodified, modifiedby, description, displayname, name, composition, containertype_fk, containersubcategory_fk, layout_fk) VALUES (9154, NULL, NULL, NULL, NULL, 'flat top microtube with maxVol=2ml', 'tube_microtube_flatTop_2ml', 'tube_microtube_flatTop_2ml', 'SIMPLE', NULL, 9053, 100502);
INSERT INTO containertype (id, createdby, datecreated, datemodified, modifiedby, description, displayname, name, composition, containertype_fk, containersubcategory_fk, layout_fk) VALUES (9073, NULL, NULL, '2010-11-24 19:12:16.574', 'superuser1', 'BxF9x9,box_fiberboard_9x9,9x9, maxVol=81, fiberboard suitable for cold/freezer storage', 'box_fiberboard_9x9', 'box_fiberboard_9x9', 'COMPLEX', 9154, 9021, 100507);
INSERT INTO containertype (id, createdby, datecreated, datemodified, modifiedby, description, displayname, name, composition, containertype_fk, containersubcategory_fk, layout_fk) VALUES (9076, NULL, NULL, '2010-11-23 12:58:51.896', 'superuser1', '9x9, maxVol=81, suitable for freezer storage', 'box_polypropylene_9x9', 'box_polypropylene_9x9', 'COMPLEX', 9154, 9059, 100507);
INSERT INTO containertype (id, createdby, datecreated, datemodified, modifiedby, description, displayname, name, composition, containertype_fk, containersubcategory_fk, layout_fk) VALUES (9077, NULL, NULL, NULL, NULL, 'infectious containment cannister for up to 10 ml volumes, maxVol=10 ml', 'cannister_containment_infectious_1x1_10ml', 'cannister_containment_infectious_1x1_10ml', 'SIMPLE', NULL, 9023, 100502);
INSERT INTO containertype (id, createdby, datecreated, datemodified, modifiedby, description, displayname, name, composition, containertype_fk, containersubcategory_fk, layout_fk) VALUES (9078, NULL, NULL, NULL, NULL, 'lead-lined cannister for radioactive storage', 'cannister_leadlined_1x1', 'cannister_leadlined_1x1', 'SIMPLE', NULL, 9024, 100502);
INSERT INTO containertype (id, createdby, datecreated, datemodified, modifiedby, description, displayname, name, composition, containertype_fk, containersubcategory_fk, layout_fk) VALUES (9130, NULL, NULL, NULL, NULL, 'glass straw which stores 4 aliquots of 10 ul each', 'straw_glass_4x1_10ul', 'straw_glass_4x1_10ul', 'SIMPLE', NULL, 9045, 100512);
INSERT INTO containertype (id, createdby, datecreated, datemodified, modifiedby, description, displayname, name, composition, containertype_fk, containersubcategory_fk, layout_fk) VALUES (9083, NULL, NULL, NULL, NULL, 'holds tissue samples for embedding', 'cassette_tissue_1x1', 'cassette_tissue_1x1', 'SIMPLE', NULL, 9028, 100502);
INSERT INTO containertype (id, createdby, datecreated, datemodified, modifiedby, description, displayname, name, composition, containertype_fk, containersubcategory_fk, layout_fk) VALUES (9096, NULL, NULL, NULL, NULL, 'pen used for animals; 1 compartment', 'pen_pen_Pen_1x1', 'pen_pen_Pen_1x1', 'SIMPLE', NULL, 9034, 100502);
INSERT INTO containertype (id, createdby, datecreated, datemodified, modifiedby, description, displayname, name, composition, containertype_fk, containersubcategory_fk, layout_fk) VALUES (9138, NULL, NULL, NULL, NULL, 'blood collection tube, 15 ml, Red top (separation polymer)', 'tube_blood collection_Red_15ml', 'tube_blood collection_Red_15ml', 'SIMPLE', NULL, 9050, 100502);
INSERT INTO containertype (id, createdby, datecreated, datemodified, modifiedby, description, displayname, name, composition, containertype_fk, containersubcategory_fk, layout_fk) VALUES (9088, NULL, NULL, NULL, NULL, 'kit for RT-PCR from AB', 'kit_PCR_PCR-RT-AB', 'kit_PCR_PCR-RT-AB', 'SIMPLE', NULL, 9032, 100502);
INSERT INTO containertype (id, createdby, datecreated, datemodified, modifiedby, description, displayname, name, composition, containertype_fk, containersubcategory_fk, layout_fk) VALUES (9089, NULL, NULL, NULL, NULL, 'kit for RT-PCR from Qiagen', 'kit_PCR_PCR-RT-Q', 'kit_PCR_PCR-RT-Q', 'SIMPLE', NULL, 9032, 100502);
INSERT INTO containertype (id, createdby, datecreated, datemodified, modifiedby, description, displayname, name, composition, containertype_fk, containersubcategory_fk, layout_fk) VALUES (9090, NULL, NULL, NULL, NULL, 'kit for extra-long PCR from AB', 'kit_PCR_PCR-XL-AB', 'kit_PCR_PCR-XL-AB', 'SIMPLE', NULL, 9032, 100502);
INSERT INTO containertype (id, createdby, datecreated, datemodified, modifiedby, description, displayname, name, composition, containertype_fk, containersubcategory_fk, layout_fk) VALUES (9091, NULL, NULL, NULL, NULL, 'kit for extra-long PCR from Qiagen', 'kit_PCR_PCR-XL-Q', 'kit_PCR_PCR-XL-Q', 'SIMPLE', NULL, 9032, 100502);
INSERT INTO containertype (id, createdby, datecreated, datemodified, modifiedby, description, displayname, name, composition, containertype_fk, containersubcategory_fk, layout_fk) VALUES (9092, NULL, NULL, NULL, NULL, 'kit for BigDye Terminator sequencing', 'kit_sequencing_AB_BDT', 'kit_sequencing_AB_BDT', 'SIMPLE', NULL, 9033, 100502);
INSERT INTO containertype (id, createdby, datecreated, datemodified, modifiedby, description, displayname, name, composition, containertype_fk, containersubcategory_fk, layout_fk) VALUES (9093, NULL, NULL, NULL, NULL, 'kit for HT SoLID sequencing', 'kit_sequencing_AB_Solid', 'kit_sequencing_AB_Solid', 'SIMPLE', NULL, 9033, 100502);
INSERT INTO containertype (id, createdby, datecreated, datemodified, modifiedby, description, displayname, name, composition, containertype_fk, containersubcategory_fk, layout_fk) VALUES (9094, NULL, NULL, NULL, NULL, 'kit for HT 454 sequencing', 'kit_sequencing_Roche_454', 'kit_sequencing_Roche_454', 'SIMPLE', NULL, 9033, 100502);
INSERT INTO containertype (id, createdby, datecreated, datemodified, modifiedby, description, displayname, name, composition, containertype_fk, containersubcategory_fk, layout_fk) VALUES (9095, NULL, NULL, NULL, NULL, 'kit for HT Illumina sequencing', 'kit_sequencing_Illumina_GSX', 'kit_sequencing_Illumina_GSX', 'SIMPLE', NULL, 9033, 100502);
INSERT INTO containertype (id, createdby, datecreated, datemodified, modifiedby, description, displayname, name, composition, containertype_fk, containersubcategory_fk, layout_fk) VALUES (9134, NULL, NULL, NULL, NULL, 'sample collection swab without antibiotics', 'swab_sample collection_NoAntibiotics', 'swab_sample collection_NoAntibiotics', 'SIMPLE', NULL, 9047, 100502);
INSERT INTO containertype (id, createdby, datecreated, datemodified, modifiedby, description, displayname, name, composition, containertype_fk, containersubcategory_fk, layout_fk) VALUES (9135, NULL, NULL, NULL, NULL, 'sample collection swab plus antibiotics', 'swab_sample collection_PlusAntibiotics', 'swab_sample collection_PlusAntibiotics', 'SIMPLE', NULL, 9047, 100502);
INSERT INTO containertype (id, createdby, datecreated, datemodified, modifiedby, description, displayname, name, composition, containertype_fk, containersubcategory_fk, layout_fk) VALUES (9136, NULL, NULL, NULL, NULL, 'sample transport swab type 1', 'swab_transport_type1', 'swab_transport_type1', 'SIMPLE', NULL, 9048, 100502);
INSERT INTO containertype (id, createdby, datecreated, datemodified, modifiedby, description, displayname, name, composition, containertype_fk, containersubcategory_fk, layout_fk) VALUES (9137, NULL, NULL, NULL, NULL, 'sample transport swab type 2', 'swab_transport_Type2', 'swab_transport_Type2', 'SIMPLE', NULL, 9048, 100502);
INSERT INTO containertype (id, createdby, datecreated, datemodified, modifiedby, description, displayname, name, composition, containertype_fk, containersubcategory_fk, layout_fk) VALUES (9084, NULL, NULL, NULL, NULL, '1x1, maxVol=2L, glass flask', 'flask_glass_2L', 'flask_glass_2L', 'SIMPLE', NULL, 9029, 100502);
INSERT INTO containertype (id, createdby, datecreated, datemodified, modifiedby, description, displayname, name, composition, containertype_fk, containersubcategory_fk, layout_fk) VALUES (9158, NULL, NULL, NULL, NULL, 'Screw Top microtube with maxVol=2ml', 'tube_microtube_screwtop_2ml', 'tube_microtube_screwtop_2ml', 'SIMPLE', NULL, 9054, 100502);
INSERT INTO containertype (id, createdby, datecreated, datemodified, modifiedby, description, displayname, name, composition, containertype_fk, containersubcategory_fk, layout_fk) VALUES (9074, NULL, NULL, '2010-11-23 13:00:24.56', 'superuser1', '10x10, maxVol=100, polycarb', 'box_polycarbonate_10x10', 'box_polycarbonate_10x10', 'COMPLEX', 9158, 9022, 100508);
INSERT INTO containertype (id, createdby, datecreated, datemodified, modifiedby, description, displayname, name, composition, containertype_fk, containersubcategory_fk, layout_fk) VALUES (199518, 'superuser1', '2010-10-22 14:42:27.19', '2010-12-02 13:15:16.571', 'superuser1', 'Visotube is part of the CBS Liquid N2 Freezer System.  A visotubes holds 12-14 straws.  There are 11 visotubes per Goblet and 6 Goblets per Goblet cannister/rack.', 'Visotube', 'Visotube', 'SIMPLE', NULL, 199517, 100509);
INSERT INTO containertype (id, createdby, datecreated, datemodified, modifiedby, description, displayname, name, composition, containertype_fk, containersubcategory_fk, layout_fk) VALUES (9080, NULL, NULL, '2010-11-24 19:11:32.807', 'superuser1', 'Goblet with 12 visotubes (for straws) per goblet', 'cassette_goblet_12_1', 'cassette_goblet_12_1', 'COMPLEX', 199518, 9039, 100509);
INSERT INTO containertype (id, createdby, datecreated, datemodified, modifiedby, description, displayname, name, composition, containertype_fk, containersubcategory_fk, layout_fk) VALUES (9120, NULL, NULL, '2010-11-23 13:55:20.82', 'superuser1', 'freezer rack for goblets, 4x8 goblets per rack', 'rack_freezer-goblet_LN2_4x8', 'rack_freezer-goblet_LN2_4x8', 'COMPLEX', 9080, 9039, 100506);
INSERT INTO containertype (id, createdby, datecreated, datemodified, modifiedby, description, displayname, name, composition, containertype_fk, containersubcategory_fk, layout_fk) VALUES (9133, NULL, NULL, NULL, NULL, 'CryoBioSystem straw which stores 1 aliquot of 0.5 ml each', 'straw_CBS_1x1_0.5ml', 'straw_CBS_1x1_0.5ml', 'SIMPLE', NULL, 9046, 100502);
INSERT INTO containertype (id, createdby, datecreated, datemodified, modifiedby, description, displayname, name, composition, containertype_fk, containersubcategory_fk, layout_fk) VALUES (9082, NULL, NULL, '2010-11-24 19:10:19.713', 'superuser1', 'holds 10x1 straws', 'cassette_straw_10x1', 'cassette_straw_10x1', 'COMPLEX', 9133, 9027, 100504);
INSERT INTO containertype (id, createdby, datecreated, datemodified, modifiedby, description, displayname, name, composition, containertype_fk, containersubcategory_fk, layout_fk) VALUES (634, 'superuser1', '2010-11-24 19:20:58.215', NULL, NULL, 'One of multiple compartments in a pen or cage.', 'compartment_pen_1x1', 'compartment_pen_1x1', 'SIMPLE', NULL, 633, 100511);
INSERT INTO containertype (id, createdby, datecreated, datemodified, modifiedby, description, displayname, name, composition, containertype_fk, containersubcategory_fk, layout_fk) VALUES (9097, NULL, NULL, '2010-11-24 19:21:09.99', 'superuser1', 'pen used for animals; subdivided into 2 compartments', 'pen_pen_Pen_2x1', 'pen_pen_Pen_2x1', 'COMPLEX', 634, 9034, 100511);
INSERT INTO containertype (id, createdby, datecreated, datemodified, modifiedby, description, displayname, name, composition, containertype_fk, containersubcategory_fk, layout_fk) VALUES (199580, 'superuser1', '2010-11-01 19:06:02.61', '2010-11-24 19:14:33.532', 'superuser1', 'glass microscope slide, untreated, for use in laboratory', 'microscopeSlide_glass_plain_25x75mm', 'microscopeSlide_glass_plain_25x75mm', 'SIMPLE', NULL, 9029, 100502);
INSERT INTO containertype (id, createdby, datecreated, datemodified, modifiedby, description, displayname, name, composition, containertype_fk, containersubcategory_fk, layout_fk) VALUES (9075, NULL, NULL, '2010-11-23 12:57:42.92', 'superuser1', '10x1, maxVol=10, holds microscope slides', 'box_polycarbonate_MicroSlide_10x1', 'box_polycarbonate_MicroSlide_10x1', 'COMPLEX', 199580, 9022, 100504);
INSERT INTO containertype (id, createdby, datecreated, datemodified, modifiedby, description, displayname, name, composition, containertype_fk, containersubcategory_fk, layout_fk) VALUES (9119, NULL, NULL, '2010-11-24 19:29:53.741', 'superuser1', 'freezer rack, 4x6 slots for 1 in boxes', 'rack_freezer_4x6_box1in', 'rack_freezer_4x6_box1in', 'COMPLEX', 9075, 9038, 100506);
INSERT INTO containertype (id, createdby, datecreated, datemodified, modifiedby, description, displayname, name, composition, containertype_fk, containersubcategory_fk, layout_fk) VALUES (9151, NULL, NULL, NULL, NULL, 'flat top microtube with maxVol=200ul', 'tube_microtube_flatTop_200ul', 'tube_microtube_flatTop_200ul', 'SIMPLE', NULL, 9053, 100502);
INSERT INTO containertype (id, createdby, datecreated, datemodified, modifiedby, description, displayname, name, composition, containertype_fk, containersubcategory_fk, layout_fk) VALUES (9159, NULL, NULL, '2010-11-24 19:41:52.447', 'superuser1', 'polypropylene strip tube with 12 wells and with maxVol=200ul per well', 'tube_microtube_strip_12_200ul', 'tube_microtube_strip_12_200ul', 'COMPLEX', 9151, 9055, 100509);
INSERT INTO containertype (id, createdby, datecreated, datemodified, modifiedby, description, displayname, name, composition, containertype_fk, containersubcategory_fk, layout_fk) VALUES (9122, NULL, NULL, '2010-11-24 19:32:55.339', 'superuser1', 'microtube rack, 8x12, for 200 ul tubes', 'rack_microtube_8x12_200ul', 'rack_microtube_8x12_200ul', 'COMPLEX', 9159, 9040, 100501);
INSERT INTO containertype (id, createdby, datecreated, datemodified, modifiedby, description, displayname, name, composition, containertype_fk, containersubcategory_fk, layout_fk) VALUES (199512, 'superuser1', '2010-10-22 14:26:39.317', NULL, NULL, 'A single ''well'' (in a container that cannot be physically separated from the parent container) - maxVol = 100 ul.', 'well_100ul', 'well_100ul', 'SIMPLE', NULL, 199510, 100502);
INSERT INTO containertype (id, createdby, datecreated, datemodified, modifiedby, description, displayname, name, composition, containertype_fk, containersubcategory_fk, layout_fk) VALUES (9099, NULL, NULL, '2010-11-17 16:45:54.452', 'adminuser', '384-well plate, 100 ul maxVol, V-bottom, for PCR instruments', 'plate_384-well_PCR_100ul', 'plate_384-well_PCR_100ul', 'COMPOSITE', 199512, 9035, 100503);
INSERT INTO containertype (id, createdby, datecreated, datemodified, modifiedby, description, displayname, name, composition, containertype_fk, containersubcategory_fk, layout_fk) VALUES (9124, NULL, NULL, '2010-11-24 19:33:41.865', 'superuser1', 'freezer rack, 4x6 slots for 384-well 100 ul plates', 'rack_plate_4x6_384_100ul', 'rack_plate_4x6_384_100ul', 'COMPLEX', 9099, 9041, 100506);
INSERT INTO containertype (id, createdby, datecreated, datemodified, modifiedby, description, displayname, name, composition, containertype_fk, containersubcategory_fk, layout_fk) VALUES (11, 'adminuser', '2010-11-17 17:09:49.118', NULL, NULL, 'A single ''well'' (in a container that cannot be physically separated from the parent container) - maxVol = 500 ul.', 'well_500ul', 'well_500ul', 'SIMPLE', NULL, 199510, 100502);
INSERT INTO containertype (id, createdby, datecreated, datemodified, modifiedby, description, displayname, name, composition, containertype_fk, containersubcategory_fk, layout_fk) VALUES (9108, NULL, NULL, '2010-11-17 17:10:11.301', 'adminuser', '96-well plate, 500 ul maxVol, U-bottom, for storage', 'plate_96-well_Storage_500ul', 'plate_96-well_Storage_500ul', 'COMPOSITE', 11, 9036, 100501);
INSERT INTO containertype (id, createdby, datecreated, datemodified, modifiedby, description, displayname, name, composition, containertype_fk, containersubcategory_fk, layout_fk) VALUES (9123, NULL, NULL, '2010-11-24 19:34:08.534', 'superuser1', 'freezer rack, 4x6 slots for 96-well  500 ul plates', 'rack_plate_4x6_plt96_500ml', 'rack_plate_4x6_plt96_500ml', 'COMPLEX', 9108, 9041, 100506);
INSERT INTO containertype (id, createdby, datecreated, datemodified, modifiedby, description, displayname, name, composition, containertype_fk, containersubcategory_fk, layout_fk) VALUES (9149, NULL, NULL, NULL, NULL, 'polypropylene centrifuge tube with maxVol=50 ml', 'tube_centrifuge_polypropylene_50ml', 'tube_centrifuge_polypropylene_50ml', 'SIMPLE', NULL, 9052, 100502);
INSERT INTO containertype (id, createdby, datecreated, datemodified, modifiedby, description, displayname, name, composition, containertype_fk, containersubcategory_fk, layout_fk) VALUES (9125, NULL, NULL, '2010-11-24 19:35:11.037', 'superuser1', 'test tube rack, 2x5, for 50 ml tubes', 'rack_test tube_2x5_50ml', 'rack_test tube_2x5_50ml', 'COMPLEX', 9149, 9042, 100514);
INSERT INTO containertype (id, createdby, datecreated, datemodified, modifiedby, description, displayname, name, composition, containertype_fk, containersubcategory_fk, layout_fk) VALUES (9085, NULL, NULL, NULL, NULL, '1x1, maxVol=1L, glass flask', 'flask_glass_1L', 'flask_glass_1L', 'SIMPLE', NULL, 9029, 100502);
INSERT INTO containertype (id, createdby, datecreated, datemodified, modifiedby, description, displayname, name, composition, containertype_fk, containersubcategory_fk, layout_fk) VALUES (9086, NULL, NULL, NULL, NULL, '1x1, maxVol=2L, polycarbonate flask', 'flask_polycarbonate_2L', 'flask_polycarbonate_2L', 'SIMPLE', NULL, 9030, 100502);
INSERT INTO containertype (id, createdby, datecreated, datemodified, modifiedby, description, displayname, name, composition, containertype_fk, containersubcategory_fk, layout_fk) VALUES (9087, NULL, NULL, NULL, NULL, '1x1, maxVol=2L, polypropylene flask', 'flask_polypropylene_2L', 'flask_polypropylene_2L', 'SIMPLE', NULL, 9031, 100502);
INSERT INTO containertype (id, createdby, datecreated, datemodified, modifiedby, description, displayname, name, composition, containertype_fk, containersubcategory_fk, layout_fk) VALUES (9127, NULL, NULL, NULL, NULL, 'shipping container: size 24x36 fiber board - no temperature control', 'shipping_fiberboard_24x36', 'shipping_fiberboard_24x36', 'COMPLEX', NULL, 9043, 100502);
INSERT INTO containertype (id, createdby, datecreated, datemodified, modifiedby, description, displayname, name, composition, containertype_fk, containersubcategory_fk, layout_fk) VALUES (9129, NULL, NULL, NULL, NULL, 'shipping container: size 24x36 styrofoam for temperature control', 'shipping_styrofoam_tempControl_24x36', 'shipping_styrofoam_tempControl_24x36', 'COMPLEX', NULL, 9044, 100502);
INSERT INTO containertype (id, createdby, datecreated, datemodified, modifiedby, description, displayname, name, composition, containertype_fk, containersubcategory_fk, layout_fk) VALUES (9131, NULL, NULL, NULL, NULL, 'CryoBioSystem straw which stores 1 aliquot of 2.0 ml each', 'straw_CBS_1x1_2.0ml', 'straw_CBS_1x1_2.0ml', 'SIMPLE', NULL, 9046, 100502);
INSERT INTO containertype (id, createdby, datecreated, datemodified, modifiedby, description, displayname, name, composition, containertype_fk, containersubcategory_fk, layout_fk) VALUES (9132, NULL, NULL, NULL, NULL, 'CryoBioSystem straw which stores 1 aliquot of 0.3 ml each', 'straw_CBS_1x1_0.3ml', 'straw_CBS_1x1_0.3ml', 'SIMPLE', NULL, 9046, 100502);
INSERT INTO containertype (id, createdby, datecreated, datemodified, modifiedby, description, displayname, name, composition, containertype_fk, containersubcategory_fk, layout_fk) VALUES (199569, 'superuser1', '2010-11-01 12:44:17.948', '2010-11-24 19:39:18.328', 'superuser1', 'fillter spot (maxCapacity =  75 ul); each spot will be treated as a sample container with punches being the aliquot.', 'spot_filterSpot_75ul', 'spot_filterSpot_75ul', 'SIMPLE', NULL, 199565, 100502);
INSERT INTO containertype (id, createdby, datecreated, datemodified, modifiedby, description, displayname, name, composition, containertype_fk, containersubcategory_fk, layout_fk) VALUES (199572, 'superuser1', '2010-11-01 12:51:05.917', NULL, NULL, 'fillter spot card with 5 spots (maxCapacity) and each spot takes 75 ul.  Each spot will be treated as a sample with punches being the aliquot.', 'collectionCard_filterSpotCard_neonatalx5x75ul', 'collectionCard_filterSpotCard_neonatalx5x75ul', 'COMPLEX', 199569, 199564, 199576);
INSERT INTO containertype (id, createdby, datecreated, datemodified, modifiedby, description, displayname, name, composition, containertype_fk, containersubcategory_fk, layout_fk) VALUES (199571, 'superuser1', '2010-11-01 12:48:34.802', NULL, NULL, 'fillter spot card with 4 spots (maxCapacity) and each spot takes 75 ul.  Each spot will be treated as a sample with punches being the aliquot.', 'collectionCard_filterSpotCard_neonatalx4x75ul', 'collectionCard_filterSpotCard_neonatalx4x75ul', 'COMPLEX', 199569, 199564, 100512);
INSERT INTO containertype (id, createdby, datecreated, datemodified, modifiedby, description, displayname, name, composition, containertype_fk, containersubcategory_fk, layout_fk) VALUES (199573, 'superuser1', '2010-11-01 12:53:18.497', NULL, NULL, 'fillter spot card FTA DMPK-A with 4 spots (maxCapacity) and each spot takes 20 ul.  Each spot will be treated as a sample with punches being the aliquot.', 'collectionCard_filterSpotCard_ftaDMPK-Ax4x20ul', 'collectionCard_filterSpotCard_ftaDMPK-Ax4x20ul', 'COMPLEX', 199570, 199564, 100512);
INSERT INTO containertype (id, createdby, datecreated, datemodified, modifiedby, description, displayname, name, composition, containertype_fk, containersubcategory_fk, layout_fk) VALUES (199581, 'superuser1', '2010-11-01 19:07:52.104', '2010-11-24 19:15:06.902', 'superuser1', 'glass microscope slides that are specially designed for the application of fresh or formalin fixed frozen tissue. They are inherently tissue binding so there is no need to add sprays or adhesives to the slides.', 'microscopeSlide_glass_PlusGold_25x75mm', 'microscopeSlide_glass_PlusGold_25x75mm', 'SIMPLE', NULL, 9029, 100502);
INSERT INTO containertype (id, createdby, datecreated, datemodified, modifiedby, description, displayname, name, composition, containertype_fk, containersubcategory_fk, layout_fk) VALUES (9168, NULL, NULL, NULL, NULL, 'polypropylene screwtop tube with maxVol=50 ml', 'tube_screwtop_polypropylene_50ml', 'tube_screwtop_polypropylene_50ml', 'SIMPLE', NULL, 9057, 100502);
INSERT INTO containertype (id, createdby, datecreated, datemodified, modifiedby, description, displayname, name, composition, containertype_fk, containersubcategory_fk, layout_fk) VALUES (9169, NULL, NULL, NULL, NULL, 'polycarbonate ultracentrifuge tube with maxVol=3 ml', 'tube_ultracentrifuge_polycarbonate_3ml', 'tube_ultracentrifuge_polycarbonate_3ml', 'SIMPLE', NULL, 9058, 100502);
INSERT INTO containertype (id, createdby, datecreated, datemodified, modifiedby, description, displayname, name, composition, containertype_fk, containersubcategory_fk, layout_fk) VALUES (199511, 'superuser1', '2010-10-22 14:24:21.511', '2010-10-22 14:26:04.189', 'superuser1', 'A single ''well'' (in a container that cannot be physically separated from the parent container) - maxVol = 50 ul.', 'well_50ul', 'well_50ul', 'SIMPLE', NULL, 199510, 100502);

INSERT INTO containertype (id, createdby, datecreated, datemodified, modifiedby, description, displayname, name, composition, containertype_fk, containersubcategory_fk, layout_fk) VALUES (199513, 'superuser1', '2010-10-22 14:27:14.618', NULL, NULL, 'A single ''well'' (in a container that cannot be physically separated from the parent container) - maxVol = 200 ul.', 'well_200ul', 'well_200ul', 'SIMPLE', NULL, 199510, 100502);
INSERT INTO containertype (id, createdby, datecreated, datemodified, modifiedby, description, displayname, name, composition, containertype_fk, containersubcategory_fk, layout_fk) VALUES (199514, 'superuser1', '2010-10-22 14:28:01.799', NULL, NULL, 'A single ''well'' (in a container that cannot be physically separated from the parent container) - maxVol = 0.5 ml.', 'well_0.5ml', 'well_0.5ml', 'SIMPLE', NULL, 199510, 100502);
INSERT INTO containertype (id, createdby, datecreated, datemodified, modifiedby, description, displayname, name, composition, containertype_fk, containersubcategory_fk, layout_fk) VALUES (199646, 'labmanager1', '2010-11-08 19:27:55.041', NULL, NULL, 'Kit for Agilent Bioanalyzer Small RNA assay.', 'kit_Agilent_SmallRNA', 'kit_Agilent_SmallRNA', 'SIMPLE', NULL, 199645, 100502);
INSERT INTO containertype (id, createdby, datecreated, datemodified, modifiedby, description, displayname, name, composition, containertype_fk, containersubcategory_fk, layout_fk) VALUES (199647, 'labmanager1', '2010-11-08 19:29:17.262', NULL, NULL, 'Kit for Agilent Bioanalyzer RNA 6000 Nano assay.', 'kit_Agilent_RNA6000Nano', 'kit_Agilent_RNA6000Nano', 'SIMPLE', NULL, 199645, 100502);
INSERT INTO containertype (id, createdby, datecreated, datemodified, modifiedby, description, displayname, name, composition, containertype_fk, containersubcategory_fk, layout_fk) VALUES (199648, 'labmanager1', '2010-11-08 19:33:21.258', NULL, NULL, 'Kit for Agilent Bioanalyzer RNA 6000 Pico assay.', 'kit_Agilent_RNA6000Pico', 'kit_Agilent_RNA6000Pico', 'SIMPLE', NULL, 199645, 100502);
INSERT INTO containertype (id, createdby, datecreated, datemodified, modifiedby, description, displayname, name, composition, containertype_fk, containersubcategory_fk, layout_fk) VALUES (199649, 'labmanager1', '2010-11-08 19:35:59.031', NULL, NULL, 'Kit for Agilent Bioanalyzer DNA High Sensitivity assay.', 'kit_Agilent_HiSensitivityDNA', 'kit_Agilent_HiSensitivityDNA', 'SIMPLE', NULL, 199645, 100502);
INSERT INTO containertype (id, createdby, datecreated, datemodified, modifiedby, description, displayname, name, composition, containertype_fk, containersubcategory_fk, layout_fk) VALUES (199650, 'labmanager1', '2010-11-08 19:37:30.002', NULL, NULL, 'Kit for Agilent Bioanalyzer DNA 12000 assay.', 'kit_Agilent_DNA12000', 'kit_Agilent_DNA12000', 'SIMPLE', NULL, 199645, 100502);
INSERT INTO containertype (id, createdby, datecreated, datemodified, modifiedby, description, displayname, name, composition, containertype_fk, containersubcategory_fk, layout_fk) VALUES (199651, 'labmanager1', '2010-11-08 19:38:25.427', NULL, NULL, 'Kit for Agilent Bioanalyzer DNA 7500 assay.', 'kit_Agilent_DNA7500', 'kit_Agilent_DNA7500', 'SIMPLE', NULL, 199645, 100502);
INSERT INTO containertype (id, createdby, datecreated, datemodified, modifiedby, description, displayname, name, composition, containertype_fk, containersubcategory_fk, layout_fk) VALUES (199652, 'labmanager1', '2010-11-08 19:39:19.886', NULL, NULL, 'Kit for Agilent Bioanalyzer DNA 1000 assay.', 'kit_Agilent_DNA1000', 'kit_Agilent_DNA1000', 'SIMPLE', NULL, 199645, 100502);
INSERT INTO containertype (id, createdby, datecreated, datemodified, modifiedby, description, displayname, name, composition, containertype_fk, containersubcategory_fk, layout_fk) VALUES (9128, NULL, NULL, NULL, NULL, 'shipping container: size 12x15 styrofoam for temperature control', 'shipping_styrofoam_tempControl_12x15', 'shipping_styrofoam_tempControl_12x15', 'COMPLEX', NULL, 9044, 100502);
INSERT INTO containertype (id, createdby, datecreated, datemodified, modifiedby, description, displayname, name, composition, containertype_fk, containersubcategory_fk, layout_fk) VALUES (9102, NULL, NULL, '2010-11-17 16:38:36.765', 'adminuser', '384-well plate, 100 ul maxVol, Filter type 2, for BDT rxn cleanup', 'plate_384-well_Filter2_100ul', 'plate_384-well_Filter2_100ul', 'COMPOSITE', 199512, 9035, 100503);
INSERT INTO containertype (id, createdby, datecreated, datemodified, modifiedby, description, displayname, name, composition, containertype_fk, containersubcategory_fk, layout_fk) VALUES (9103, NULL, NULL, '2010-11-17 16:40:00.922', 'adminuser', '384-well plate, 50 ul maxVol, flat-bottom, for optical scanning, clear', 'plate_384-well_OpticalC_50ul', 'plate_384-well_OpticalC_50ul', 'COMPOSITE', 199511, 9035, 100503);
INSERT INTO containertype (id, createdby, datecreated, datemodified, modifiedby, description, displayname, name, composition, containertype_fk, containersubcategory_fk, layout_fk) VALUES (9104, NULL, NULL, '2010-11-17 16:40:38.261', 'adminuser', '384-well plate, 50 ul maxVol, flat-bottom, for optical scanning, white', 'plate_384-well_OpticalW_50ul', 'plate_384-well_OpticalW_50ul', 'COMPOSITE', 199511, 9035, 100503);
INSERT INTO containertype (id, createdby, datecreated, datemodified, modifiedby, description, displayname, name, composition, containertype_fk, containersubcategory_fk, layout_fk) VALUES (10, 'adminuser', '2010-11-17 17:07:40.263', NULL, NULL, 'A single ''well'' (in a container that cannot be physically separated from the parent container) - maxVol = 120 ul.', 'well_120ul', 'well_120ul', 'SIMPLE', NULL, 199510, 100502);
INSERT INTO containertype (id, createdby, datecreated, datemodified, modifiedby, description, displayname, name, composition, containertype_fk, containersubcategory_fk, layout_fk) VALUES (9098, NULL, NULL, '2010-11-17 17:08:06.029', 'adminuser', '384-welll plate, 120 ul maxVol, U-bottom, for storage', 'plate_384-well_Storage_120ul', 'plate_384-well_Storage_120ul', 'COMPOSITE', 10, 9035, 100503);
INSERT INTO containertype (id, createdby, datecreated, datemodified, modifiedby, description, displayname, name, composition, containertype_fk, containersubcategory_fk, layout_fk) VALUES (9, 'adminuser', '2010-11-17 17:05:41.787', '2010-11-17 17:06:10.654', 'adminuser', 'A single ''well'' (in a container that cannot be physically separated from the parent container) - maxVol = 240 ul.', 'well_240ul', 'well_240ul', 'SIMPLE', NULL, 199510, 100502);
INSERT INTO containertype (id, createdby, datecreated, datemodified, modifiedby, description, displayname, name, composition, containertype_fk, containersubcategory_fk, layout_fk) VALUES (9100, NULL, NULL, '2010-11-17 17:08:32.528', 'adminuser', '384-well plate, 240 ul maxVol, U-bottom, for storage', 'plate_384-well_Storage_240ul', 'plate_384-well_Storage_240ul', 'COMPOSITE', 9, 9035, 100503);


INSERT INTO containertype (id, createdby, datecreated, datemodified, modifiedby, description, displayname, name, composition, containertype_fk, containersubcategory_fk, layout_fk) VALUES (9113, NULL, NULL, '2010-11-24 19:00:23.407', 'superuser1', '10 ml tissue culture plate', 'plate_cell culture_1x1_10ml', 'plate_cell culture_1x1_10ml', 'SIMPLE', NULL, 9037, 100502);
INSERT INTO containertype (id, createdby, datecreated, datemodified, modifiedby, description, displayname, name, composition, containertype_fk, containersubcategory_fk, layout_fk) VALUES (636, 'superuser1', '2010-11-24 19:27:19.95', NULL, NULL, 'well with maxVol=600ul in a complex container ', 'well_600ul', 'well_well_600ul', 'SIMPLE', NULL, 199510, 100502);
INSERT INTO containertype (id, createdby, datecreated, datemodified, modifiedby, description, displayname, name, composition, containertype_fk, containersubcategory_fk, layout_fk) VALUES (9116, NULL, NULL, '2010-11-24 19:27:31.91', 'superuser1', 'TC plate,6x8, 600 ul maxVol, U-bottom, for tissue culture with Poly-D-Lysine and Collagen I coatings', 'plate_cell culture_6x8_600ul', 'plate_cell culture_6x8_600ul', 'COMPOSITE', 636, 9037, 100516);
INSERT INTO containertype (id, createdby, datecreated, datemodified, modifiedby, description, displayname, name, composition, containertype_fk, containersubcategory_fk, layout_fk) VALUES (9069, NULL, NULL, NULL, NULL, '1x1, maxVol = 250 ml', 'bottle_screwtop__250ml', 'bottle_screwtop__250ml', 'SIMPLE', NULL, 9019, 100502);
INSERT INTO containertype (id, createdby, datecreated, datemodified, modifiedby, description, displayname, name, composition, containertype_fk, containersubcategory_fk, layout_fk) VALUES (9071, NULL, NULL, NULL, NULL, '1x1, maxVol = 500 ml', 'bottle_roller_screwTop_500ml', 'bottle_roller_screwTop_500ml', 'SIMPLE', NULL, 9020, 100502);
INSERT INTO containertype (id, createdby, datecreated, datemodified, modifiedby, description, displayname, name, composition, containertype_fk, containersubcategory_fk, layout_fk) VALUES (9064, NULL, NULL, NULL, NULL, '1x1, maxVol = 1 L', 'bottle_narrowMouth_screwTop_1L', 'bottle_narrowMouth_screwTop_1L', 'SIMPLE', NULL, 9017, 100502);
INSERT INTO containertype (id, createdby, datecreated, datemodified, modifiedby, description, displayname, name, composition, containertype_fk, containersubcategory_fk, layout_fk) VALUES (9139, NULL, NULL, NULL, NULL, 'blood collection tube, 15 ml, Purple top (EDTA)', 'tube_blood collection_Purple_15ml', 'tube_blood collection_Purple_15ml', 'SIMPLE', NULL, 9050, 100502);
INSERT INTO containertype (id, createdby, datecreated, datemodified, modifiedby, description, displayname, name, composition, containertype_fk, containersubcategory_fk, layout_fk) VALUES (9140, NULL, NULL, NULL, NULL, 'blood collection tube, 15 ml,Yellow top (sodium citrate)', 'tube_blood collection_Yellow_15ml', 'tube_blood collection_Yellow_15ml', 'SIMPLE', NULL, 9050, 100502);
INSERT INTO containertype (id, createdby, datecreated, datemodified, modifiedby, description, displayname, name, composition, containertype_fk, containersubcategory_fk, layout_fk) VALUES (9141, NULL, NULL, NULL, NULL, 'blood collection tube, 15 ml, Green top (lithium heparin)', 'tube_blood collection_Green_15ml', 'tube_blood collection_Green_15ml', 'SIMPLE', NULL, 9050, 100502);
INSERT INTO containertype (id, createdby, datecreated, datemodified, modifiedby, description, displayname, name, composition, containertype_fk, containersubcategory_fk, layout_fk) VALUES (9142, NULL, NULL, NULL, NULL, 'blood collection tube, 5 ml, Pearl white top (Polymer Gel/K2 EDTA) for protein studies', 'tube_blood collection_White_5ml', 'tube_blood collection_White_5ml', 'SIMPLE', NULL, 9050, 100502);
INSERT INTO containertype (id, createdby, datecreated, datemodified, modifiedby, description, displayname, name, composition, containertype_fk, containersubcategory_fk, layout_fk) VALUES (9143, NULL, NULL, NULL, NULL, 'blood collection tube, 4 ml, Red top (separation polymer)', 'tube_blood collection_Red_4ml', 'tube_blood collection_Red_4ml', 'SIMPLE', NULL, 9050, 100502);
INSERT INTO containertype (id, createdby, datecreated, datemodified, modifiedby, description, displayname, name, composition, containertype_fk, containersubcategory_fk, layout_fk) VALUES (9144, NULL, NULL, NULL, NULL, 'blood collection tube, 4 ml, Purple top (EDTA)', 'tube_blood collection_Purple_4ml', 'tube_blood collection_Purple_4ml', 'SIMPLE', NULL, 9050, 100502);
INSERT INTO containertype (id, createdby, datecreated, datemodified, modifiedby, description, displayname, name, composition, containertype_fk, containersubcategory_fk, layout_fk) VALUES (9145, NULL, NULL, NULL, NULL, 'blood collection tube, 4 ml,Yellow top (sodium citrate)', 'tube_blood collection_Yellow_4ml', 'tube_blood collection_Yellow_4ml', 'SIMPLE', NULL, 9050, 100502);
INSERT INTO containertype (id, createdby, datecreated, datemodified, modifiedby, description, displayname, name, composition, containertype_fk, containersubcategory_fk, layout_fk) VALUES (9146, NULL, NULL, NULL, NULL, 'blood collection tube, 4 ml, Green top (lithium heparin)', 'tube_blood collection_Green_4ml', 'tube_blood collection_Green_4ml', 'SIMPLE', NULL, 9050, 100502);
INSERT INTO containertype (id, createdby, datecreated, datemodified, modifiedby, description, displayname, name, composition, containertype_fk, containersubcategory_fk, layout_fk) VALUES (9147, NULL, NULL, NULL, NULL, 'glass capillary tube with maxVol=10 ul', 'tube_capillary_glass_10ul', 'tube_capillary_glass_10ul', 'SIMPLE', NULL, 9051, 100502);
INSERT INTO containertype (id, createdby, datecreated, datemodified, modifiedby, description, displayname, name, composition, containertype_fk, containersubcategory_fk, layout_fk) VALUES (9148, NULL, NULL, NULL, NULL, 'polycarbonate centrifuge tube with maxVol=50 ml', 'tube_centrifuge_polycarbonate_50ml', 'tube_centrifuge_polycarbonate_50ml', 'SIMPLE', NULL, 9052, 100502);

INSERT INTO containertype (id, createdby, datecreated, datemodified, modifiedby, description, displayname, name, composition, containertype_fk, containersubcategory_fk, layout_fk) VALUES (9150, NULL, NULL, NULL, NULL, 'polypropylene centrifuge tube with maxVol=15 ml', 'tube_centrifuge_polypropylene_15ml', 'tube_centrifuge_polypropylene_15ml', 'SIMPLE', NULL, 9052, 100502);

INSERT INTO containertype (id, createdby, datecreated, datemodified, modifiedby, description, displayname, name, composition, containertype_fk, containersubcategory_fk, layout_fk) VALUES (9152, NULL, NULL, NULL, NULL, 'flat top microtube with maxVol=500ul', 'tube_microtube_flatTop_500ul', 'tube_microtube_flatTop_500ul', 'SIMPLE', NULL, 9053, 100502);
INSERT INTO containertype (id, createdby, datecreated, datemodified, modifiedby, description, displayname, name, composition, containertype_fk, containersubcategory_fk, layout_fk) VALUES (9153, NULL, NULL, NULL, NULL, 'flat top microtube with maxVol=1.5ml', 'tube_microtube_flatTop_1.5ml', 'tube_microtube_flatTop_1.5ml', 'SIMPLE', NULL, 9053, 100502);

INSERT INTO containertype (id, createdby, datecreated, datemodified, modifiedby, description, displayname, name, composition, containertype_fk, containersubcategory_fk, layout_fk) VALUES (9121, NULL, NULL, '2010-11-24 19:31:43.154', 'superuser1', 'microtube rack, 4x12, for 1.5-2.0 ml tubes', 'rack_microtube_4x12_2.0ml', 'rack_microtube_4x12_2.0ml', 'COMPLEX', 9154, 9040, 100510);
INSERT INTO containertype (id, createdby, datecreated, datemodified, modifiedby, description, displayname, name, composition, containertype_fk, containersubcategory_fk, layout_fk) VALUES (9156, NULL, NULL, NULL, NULL, 'Screw Top microtube with maxVol=500ul', 'tube_microtube_screwtop_500ul', 'tube_microtube_screwtop_500ul', 'SIMPLE', NULL, 9054, 100502);
INSERT INTO containertype (id, createdby, datecreated, datemodified, modifiedby, description, displayname, name, composition, containertype_fk, containersubcategory_fk, layout_fk) VALUES (9157, NULL, NULL, NULL, NULL, 'Screw Top microtube with maxVol=1.5ml', 'tube_microtube_screwtop_1.5ml', 'tube_microtube_screwtop_1.5ml', 'SIMPLE', NULL, 9054, 100502);

INSERT INTO containertype (id, createdby, datecreated, datemodified, modifiedby, description, displayname, name, composition, containertype_fk, containersubcategory_fk, layout_fk) VALUES (9161, NULL, NULL, NULL, NULL, 'tube, 200 ul maxV, flat-bottom, for optical scanning, clear', 'tube_optical_clear_200ul', 'tube_optical_clear_200ul', 'SIMPLE', NULL, 9056, 100502);
INSERT INTO containertype (id, createdby, datecreated, datemodified, modifiedby, description, displayname, name, composition, containertype_fk, containersubcategory_fk, layout_fk) VALUES (9162, NULL, NULL, NULL, NULL, 'tube, 200 ul maxV, flat-bottom, for optical scanning, white', 'tube_optical_white_200ul', 'tube_optical_white_200ul', 'SIMPLE', NULL, 9056, 100502);
INSERT INTO containertype (id, createdby, datecreated, datemodified, modifiedby, description, displayname, name, composition, containertype_fk, containersubcategory_fk, layout_fk) VALUES (9163, NULL, NULL, NULL, NULL, 'tube, 200 ul maxV, flat-bottom, for optical scanning, black', 'tube_optical_black_200ul', 'tube_optical_black_200ul', 'SIMPLE', NULL, 9056, 100502);
INSERT INTO containertype (id, createdby, datecreated, datemodified, modifiedby, description, displayname, name, composition, containertype_fk, containersubcategory_fk, layout_fk) VALUES (9164, NULL, NULL, NULL, NULL, 'polypropylene screwtop tube with maxVol=3 ml', 'tube_screwtop_polypropylene_3ml', 'tube_screwtop_polypropylene_3ml', 'SIMPLE', NULL, 9057, 100502);
INSERT INTO containertype (id, createdby, datecreated, datemodified, modifiedby, description, displayname, name, composition, containertype_fk, containersubcategory_fk, layout_fk) VALUES (9166, NULL, NULL, NULL, NULL, 'polypropylene screwtop tube with maxVol=15 ml', 'tube_screwtop_polypropylene_15ml', 'tube_screwtop_polypropylene_15ml', 'SIMPLE', NULL, 9057, 100502);
INSERT INTO containertype (id, createdby, datecreated, datemodified, modifiedby, description, displayname, name, composition, containertype_fk, containersubcategory_fk, layout_fk) VALUES (9167, NULL, NULL, NULL, NULL, 'glass screwtop tube with maxVol=15 ml', 'tube_screwtop_glass_15ml', 'tube_screwtop_glass_15ml', 'SIMPLE', NULL, 9057, 100502);
INSERT INTO containertype (id, createdby, datecreated, datemodified, modifiedby, description, displayname, name, composition, containertype_fk, containersubcategory_fk, layout_fk) VALUES (9170, NULL, NULL, NULL, NULL, 'polycarbonate ultracentrifuge tube with maxVol=1 ml', 'tube_ultracentrifuge_polycarbonate_1ml', 'tube_ultracentrifuge_polycarbonate_1ml', 'SIMPLE', NULL, 9058, 100502);
INSERT INTO containertype (id, createdby, datecreated, datemodified, modifiedby, description, displayname, name, composition, containertype_fk, containersubcategory_fk, layout_fk) VALUES (9105, NULL, NULL, '2010-11-17 16:39:38.292', 'adminuser', '384-well plate, 50 ul maxVol, flat-bottom, for optical scanning, black', 'plate_384-well_OpticalB_50ul', 'plate_384-well_OpticalB_50ul', 'COMPOSITE', 199511, 9035, 100503);
INSERT INTO containertype (id, createdby, datecreated, datemodified, modifiedby, description, displayname, name, composition, containertype_fk, containersubcategory_fk, layout_fk) VALUES (9109, NULL, NULL, '2010-11-17 16:46:16.037', 'adminuser', '96-well plate, 200 ul maxVol, Filter type 1, for PCR cleanup', 'plate_96-well_Filter1_200ul', 'plate_96-well_Filter1_200ul', 'COMPOSITE', 199513, 9036, 100501);
INSERT INTO containertype (id, createdby, datecreated, datemodified, modifiedby, description, displayname, name, composition, containertype_fk, containersubcategory_fk, layout_fk) VALUES (9110, NULL, NULL, '2010-11-17 16:46:44.303', 'adminuser', '96-well plate, 200 ul maxVol, Filter type 2, for sequencing rxn cleanup', 'plate_96-well_Filter2_200ul', 'plate_96-well_Filter2_200ul', 'COMPOSITE', 199513, 9036, 100501);
INSERT INTO containertype (id, createdby, datecreated, datemodified, modifiedby, description, displayname, name, composition, containertype_fk, containersubcategory_fk, layout_fk) VALUES (9112, NULL, NULL, '2010-11-17 16:47:12.566', 'adminuser', '384-well plate, 50 ul maxVol, flat-bottom, for tissue culture with Poly-D-Lysine and Collagen I coatings', 'plate_cell culture_384W_50ul', 'plate_cell culture_384W_50ul', 'COMPOSITE', 199511, 9037, 100503);
INSERT INTO containertype (id, createdby, datecreated, datemodified, modifiedby, description, displayname, name, composition, containertype_fk, containersubcategory_fk, layout_fk) VALUES (199516, 'superuser1', '2010-10-22 14:29:14.721', NULL, NULL, 'A single ''well'' (in a container that cannot be physically separated from the parent container) - maxVol = 2.0 ml.', 'well_2.0ml', 'well_2.0ml', 'SIMPLE', NULL, 199510, 100502);
INSERT INTO containertype (id, createdby, datecreated, datemodified, modifiedby, description, displayname, name, composition, containertype_fk, containersubcategory_fk, layout_fk) VALUES (9111, NULL, NULL, '2010-11-17 16:47:50.146', 'adminuser', '96-well plate, 2.0 ml maxVol, U-bottom, for storage', 'plate_96-well_Storage_2ml', 'plate_96-well_Storage_2ml', 'COMPOSITE', 199516, 9036, 100501);
INSERT INTO containertype (id, createdby, datecreated, datemodified, modifiedby, description, displayname, name, composition, containertype_fk, containersubcategory_fk, layout_fk) VALUES (9107, NULL, NULL, '2010-11-17 16:48:18.857', 'adminuser', '96-well plate, 200 ul maxVol, V-bottom, for PCR instruments', 'plate_96-well_PCR_200ul', 'plate_96-well_PCR_200ul', 'COMPOSITE', 199513, 9036, 100501);

INSERT INTO containertype (id, createdby, datecreated, datemodified, modifiedby, description, displayname, name, composition, containertype_fk, containersubcategory_fk, layout_fk) VALUES (9165, NULL, NULL, '2010-11-17 17:40:14.392', 'adminuser', 'polypropylene screwtop tube with maxVol=10 ml', 'tube_screwtop_polypropylene_10ml', 'tube_screwtop_polypropylene_10ml', 'SIMPLE', NULL, 9057, 100502);
INSERT INTO containertype (id, createdby, datecreated, datemodified, modifiedby, description, displayname, name, composition, containertype_fk, containersubcategory_fk, layout_fk) VALUES (637, 'superuser1', '2010-11-24 19:28:53.164', NULL, NULL, 'well with maxVol=250ul in a complex container ', 'well_250ul', 'well_well_250ul', 'SIMPLE', NULL, 199510, 100502);
INSERT INTO containertype (id, createdby, datecreated, datemodified, modifiedby, description, displayname, name, composition, containertype_fk, containersubcategory_fk, layout_fk) VALUES (9117, NULL, NULL, '2010-11-24 19:29:10.804', 'superuser1', '96-well plate, 250 ul maxVol,U-bottom, for tissue culture with Poly-D-Lysine and Collagen I coatings', 'plate_cell culture_96_250ul', 'plate_cell culture_96_250ul', 'COMPOSITE', 637, 9037, 100501);
INSERT INTO containertype (id, createdby, datecreated, datemodified, modifiedby, description, displayname, name, composition, containertype_fk, containersubcategory_fk, layout_fk) VALUES (199515, 'superuser1', '2010-10-22 14:28:42.239', NULL, NULL, 'A single ''well'' (in a container that cannot be physically separated from the parent container) - maxVol = 1.0 ml.', 'well_1.0ml', 'well_1.0ml', 'SIMPLE', NULL, 199510, 100502);

INSERT INTO containertype (id, createdby, datecreated, datemodified, modifiedby, description, displayname, name, composition, containertype_fk, containersubcategory_fk, layout_fk) VALUES (9106, NULL, NULL, '2010-11-17 16:36:35.847', 'adminuser', '96-well plate, 200 ul maxVol, U-bottom, for storage', 'plate_96-well_Storage_200ul', 'plate_96-well_Storage_200ul', 'COMPOSITE', 199513, 9036, 100501);
INSERT INTO containertype (id, createdby, datecreated, datemodified, modifiedby, description, displayname, name, composition, containertype_fk, containersubcategory_fk, layout_fk) VALUES (9101, NULL, NULL, '2010-11-17 16:37:26.835', 'adminuser', '384-well plate, 100 ul maxVol, Filter type 1, for PCR cleanup', 'plate_384-well_Filter1_100ul', 'plate_384-well_Filter1_100ul', 'COMPOSITE', 199512, 9035, 100503);
INSERT INTO containertype (id, createdby, datecreated, datemodified, modifiedby, description, displayname, name, composition, containertype_fk, containersubcategory_fk, layout_fk) VALUES (9115, NULL, NULL, '2010-11-17 16:38:06.022', 'adminuser', 'TC plate,4x6, 1 ml maxVol, U-bottom, for tissue culture with Poly-D-Lysine and Collagen I coatings', 'plate_cell culture_4x6_1ml', 'plate_cell culture_4x6_1ml', 'COMPOSITE', 199515, 9037, 100506);



INSERT INTO containertype (id, createdby, datecreated, datemodified, modifiedby, description, displayname, name, composition, containertype_fk, containersubcategory_fk, layout_fk) VALUES (9072, NULL, NULL, '2010-11-17 17:23:51.328', 'adminuser', '10x10, maxVol=100, fiberboard', 'box_fiberboard_10x10', 'box_fiberboard_10x10', 'COMPLEX', 9153, 9021, 100508);
INSERT INTO containertype (id, createdby, datecreated, datemodified, modifiedby, description, displayname, name, composition, containertype_fk, containersubcategory_fk, layout_fk) VALUES (12, 'adminuser', '2010-11-17 17:26:52.584', NULL, NULL, 'TestContainerType111', 'TestContainerType111', 'TestContainerType111', 'COMPLEX', 9143, 9022, 100508);



INSERT INTO containertype (id, createdby, datecreated, datemodified, modifiedby, description, displayname, name, composition, containertype_fk, containersubcategory_fk, layout_fk) VALUES (635, 'superuser1', '2010-11-24 19:25:13.238', NULL, NULL, 'well with maxVol=4.5ml in a complex container ', 'well_4.5ml', 'well_well_4.5ml', 'SIMPLE', NULL, 199510, 100502);
INSERT INTO containertype (id, createdby, datecreated, datemodified, modifiedby, description, displayname, name, composition, containertype_fk, containersubcategory_fk, layout_fk) VALUES (9114, NULL, NULL, '2010-11-24 19:25:37.28', 'superuser1', 'TC plate, 2x4, 4.5 ml maxVol, U-bottom, for tissue culture with Poly-D-Lysine and Collagen I coatings', 'plate_cell culture_2x4_4.5ml', 'plate_cell culture_2x4_4.5ml', 'COMPOSITE', 635, 9037, 100513);


INSERT INTO containertype (id, createdby, datecreated, datemodified, modifiedby, description, displayname, name, composition, containertype_fk, containersubcategory_fk, layout_fk) VALUES (9118, NULL, NULL, '2010-11-24 19:30:33.545', 'superuser1', 'freezer rack, 4x6 slots for 2 in boxes', 'rack_freezer_4x6_box2in', 'rack_freezer_4x6_box2in', 'COMPLEX', 9072, 9038, 100506);
INSERT INTO containertype (id, createdby, datecreated, datemodified, modifiedby, description, displayname, name, composition, containertype_fk, containersubcategory_fk, layout_fk) VALUES (9126, NULL, NULL, '2010-11-24 19:35:51.378', 'superuser1', 'test tube rack, 4x12, for 15 ml tubes', 'rack_test tube_4x12_15ml', 'rack_test tube_4x12_15ml', 'COMPLEX', 9150, 9042, 100510);
INSERT INTO containertype (id, createdby, datecreated, datemodified, modifiedby, description, displayname, name, composition, containertype_fk, containersubcategory_fk, layout_fk) VALUES (199568, 'superuser1', '2010-11-01 12:42:05.28', '2010-11-24 19:40:14.94', 'superuser1', 'plastic storage bag with zipper seal, 4"x6", used to store filter spot cards; number of cards per bag can vary from 1 - n, so use 1xn layouts to create bags with more than 1 filter card.  Default layout will be 1x1.', 'storageBag_zipperSealed_4x6in', 'storageBag_zipperSealed_4x6in', 'SIMPLE', NULL, 199567, 100502);

INSERT INTO containertype (id, createdby, datecreated, datemodified, modifiedby, description, displayname, name, composition, containertype_fk, containersubcategory_fk, layout_fk) VALUES (9160, NULL, NULL, '2010-11-24 19:42:32.427', 'superuser1', 'polypropylene strip tube with 8 wells and with maxVol=200ul per well', 'tube_microtube_strip_8_200ul', 'tube_microtube_strip_8_200ul', 'COMPLEX', 9151, 9055, 100515);

INSERT INTO containertype (id, createdby, datecreated, datemodified, modifiedby, description, displayname, name, composition, containertype_fk, containersubcategory_fk, layout_fk) VALUES (9155, NULL, NULL, '2010-12-02 13:18:03.24', 'superuser1', 'Screw Top microtube with maxVol=200ul', 'tube_microtube_screwtop_200ul', 'tube_microtube_screwtop_200ul', 'SIMPLE', NULL, 9054, 100502);











INSERT INTO service (id, createdby, datecreated, datemodified, modifiedby, description, displayname, name, enddate, istemplate, startdate, status, customerrequest_fk, organization_fk, type_fk) VALUES (400227, 'customer1', '2011-01-26 00:33:42.812', NULL, NULL, ' A Service for Quality control tests on DNA: including quantification, purity, uniqueness,  etc.', 'DNA Sample Quality Control', 'DNA Sample Quality Control', NULL, false, NULL, 'DEFAULT', NULL, NULL, 100100);
INSERT INTO service (id, createdby, datecreated, datemodified, modifiedby, description, displayname, name, enddate, istemplate, startdate, status, customerrequest_fk, organization_fk, type_fk) VALUES (400013, 'adminuser', '2011-01-24 18:14:22.42', NULL, NULL, 'TestService1', 'TestService1', 'TestService1', NULL, false, NULL, 'DEFAULT', NULL, NULL, 100104);
INSERT INTO service (id, createdby, datecreated, datemodified, modifiedby, description, displayname, name, enddate, istemplate, startdate, status, customerrequest_fk, organization_fk, type_fk) VALUES (400016, 'superuser1', '2011-01-25 15:43:06.546', NULL, NULL, 'A service for library construction for NextGen Sequencing Chipseq/epigenetic analysis (SoLID platform).', 'Library construction - NextGen Sequencing - ChipSeq (SoLID)', 'Library construction - NextGen Sequencing - ChipSeq (SoLID)', NULL, true, NULL, NULL, NULL, NULL, 199582);
INSERT INTO service (id, createdby, datecreated, datemodified, modifiedby, description, displayname, name, enddate, istemplate, startdate, status, customerrequest_fk, organization_fk, type_fk) VALUES (400017, 'superuser1', '2011-01-25 15:44:39.392', NULL, NULL, 'A service for library construction for NextGen Sequencing transcriptome analysis (HiSeq platform).', 'Library construction - NextGen Sequencing - exon_pulldown (HiSeq)', 'Library construction - NextGen Sequencing - exon_pulldown (HiSeq)', NULL, true, NULL, NULL, NULL, NULL, 199582);
INSERT INTO service (id, createdby, datecreated, datemodified, modifiedby, description, displayname, name, enddate, istemplate, startdate, status, customerrequest_fk, organization_fk, type_fk) VALUES (400018, 'superuser1', '2011-01-25 15:45:39.383', NULL, NULL, 'A service for library construction for NextGen Sequencing transcriptome analysis (SoLID platform).', 'Library construction - NextGen Sequencing - exon_pulldown (SoLID)', 'Library construction - NextGen Sequencing - exon_pulldown (SoLID)', NULL, true, NULL, NULL, NULL, NULL, 199582);
INSERT INTO service (id, createdby, datecreated, datemodified, modifiedby, description, displayname, name, enddate, istemplate, startdate, status, customerrequest_fk, organization_fk, type_fk) VALUES (400019, 'superuser1', '2011-01-25 15:46:26.66', NULL, NULL, 'A service for library construction for NextGen Sequencing mate pair/contig analysis (HiSeq platform).', 'Library construction - NextGen Sequencing - mate pair (HiSeq)', 'Library construction - NextGen Sequencing - mate pair (HiSeq)', NULL, true, NULL, NULL, NULL, NULL, 199582);
INSERT INTO service (id, createdby, datecreated, datemodified, modifiedby, description, displayname, name, enddate, istemplate, startdate, status, customerrequest_fk, organization_fk, type_fk) VALUES (400020, 'superuser1', '2011-01-25 15:46:59.189', NULL, NULL, 'A service for library construction for NextGen Sequencing mate pair/contig analysis (SoLID platform).', 'Library construction - NextGen Sequencing - mate pair (SoLID)', 'Library construction - NextGen Sequencing - mate pair (SoLID)', NULL, true, NULL, NULL, NULL, NULL, 199582);
INSERT INTO service (id, createdby, datecreated, datemodified, modifiedby, description, displayname, name, enddate, istemplate, startdate, status, customerrequest_fk, organization_fk, type_fk) VALUES (400021, 'superuser1', '2011-01-25 15:47:33.993', NULL, NULL, 'A service for library construction for NextGen Sequencing paired end analysis (HiSeq platform).', 'Library construction - NextGen Sequencing - paired end (HiSeq)', 'Library construction - NextGen Sequencing - paired end (HiSeq)', NULL, true, NULL, NULL, NULL, NULL, 199582);
INSERT INTO service (id, createdby, datecreated, datemodified, modifiedby, description, displayname, name, enddate, istemplate, startdate, status, customerrequest_fk, organization_fk, type_fk) VALUES (400022, 'superuser1', '2011-01-25 15:48:03.569', NULL, NULL, ' A service for library construction for NextGen Sequencing paired end analysis (SoLID platform).', 'Library construction - NextGen Sequencing - paired end (SoLID)', 'Library construction - NextGen Sequencing - paired end (SoLID)', NULL, true, NULL, NULL, NULL, NULL, 199582);
INSERT INTO service (id, createdby, datecreated, datemodified, modifiedby, description, displayname, name, enddate, istemplate, startdate, status, customerrequest_fk, organization_fk, type_fk) VALUES (400023, 'superuser1', '2011-01-25 15:48:38.667', NULL, NULL, 'A service for library construction for NextGen Sequencing fragment analysis (SoLID platform).', 'Library Construction For NextGen Sequencing on SoLID platform', 'Library Construction For NextGen Sequencing on SoLID platform', NULL, true, NULL, NULL, NULL, NULL, 199582);
INSERT INTO service (id, createdby, datecreated, datemodified, modifiedby, description, displayname, name, enddate, istemplate, startdate, status, customerrequest_fk, organization_fk, type_fk) VALUES (400025, 'superuser1', '2011-01-25 15:49:49.429', NULL, NULL, 'A service for isolation of genomic DNA from 2 ml (1 ml) of whole blood or buffy coat enriched blood samples.', 'Purification of DNA from Human Buffy Coat Using QIAamp DNA Blood Midi Kit', 'Purification of DNA from Human Buffy Coat Using QIAamp DNA Blood Midi Kit', NULL, true, NULL, NULL, NULL, NULL, 100102);
INSERT INTO service (id, createdby, datecreated, datemodified, modifiedby, description, displayname, name, enddate, istemplate, startdate, status, customerrequest_fk, organization_fk, type_fk) VALUES (400026, 'superuser1', '2011-01-25 15:50:27.816', NULL, NULL, 'A service for isolation of genomic DNA from 1 ml (0.5 ml) of whole blood (or buffy coat) enriched blood samples.', 'Purification of DNA from Human Buffy Coat Using QIAamp DNA Blood Mini Kit', 'Purification of DNA from Human Buffy Coat Using QIAamp DNA Blood Mini Kit', NULL, true, NULL, NULL, NULL, NULL, 100102);
INSERT INTO service (id, createdby, datecreated, datemodified, modifiedby, description, displayname, name, enddate, istemplate, startdate, status, customerrequest_fk, organization_fk, type_fk) VALUES (400027, 'superuser1', '2011-01-25 17:12:06.677', NULL, NULL, ' A service for isolation of total RNA from animal cells and standard tissues, bacteria, and yeast using Qiagen RNeasy Mini Kit (binds up to 100 micrograms).', 'Total RNA from cells/tissue - RNeasy Mini Kit', 'Purification of RNA from Human Tissue Using RNeasy Mini Kit', NULL, true, NULL, NULL, NULL, NULL, 100102);
INSERT INTO service (id, createdby, datecreated, datemodified, modifiedby, description, displayname, name, enddate, istemplate, startdate, status, customerrequest_fk, organization_fk, type_fk) VALUES (400028, 'superuser1', '2011-01-25 17:12:46.816', NULL, NULL, 'A service for isolation of total RNA from animal cells and standard tissues, bacteria, and yeast using Qiagen RNeasy Mini Kit (binds up to 1.0 milligram).', 'Total RNA from cells/tissue - RNeasy Midi Kit', 'Purification of RNA from Human Tissue Using RNeasy Midi Kit', NULL, true, NULL, NULL, NULL, NULL, 100102);
INSERT INTO service (id, createdby, datecreated, datemodified, modifiedby, description, displayname, name, enddate, istemplate, startdate, status, customerrequest_fk, organization_fk, type_fk) VALUES (400029, 'superuser1', '2011-01-25 17:13:28.379', NULL, NULL, 'A service for isolation of total RNA from animal cells and standard tissues, bacteria, and yeast using Qiagen RNeasy Mini Kit (binds up to 6.0 milligram).', 'Total RNA from cells/tissue - RNeasy Maxi Kit', 'Purification of RNA from Human Tissue Using RNeasy Maxi Kit', NULL, true, NULL, NULL, NULL, NULL, 100102);
INSERT INTO service (id, createdby, datecreated, datemodified, modifiedby, description, displayname, name, enddate, istemplate, startdate, status, customerrequest_fk, organization_fk, type_fk) VALUES (400030, 'superuser1', '2011-01-25 17:14:13.201', NULL, NULL, 'A Service for Affymetrix SNP6 array assay for Copy Number Variation (CNV).', 'Affymetrix SNP6 - CNV', 'Affymetrix SNP6 Assay for Copy Number Variation', NULL, true, NULL, NULL, NULL, NULL, 100105);
INSERT INTO service (id, createdby, datecreated, datemodified, modifiedby, description, displayname, name, enddate, istemplate, startdate, status, customerrequest_fk, organization_fk, type_fk) VALUES (400031, 'superuser1', '2011-01-25 17:14:59.179', NULL, NULL, 'A Service for Affymetrix U133P2 Array protocol for Human gene expression.', 'Affymetrix U133P2', 'Affymetrix GeneChip Human U133P2', NULL, true, NULL, NULL, NULL, NULL, 100099);
INSERT INTO service (id, createdby, datecreated, datemodified, modifiedby, description, displayname, name, enddate, istemplate, startdate, status, customerrequest_fk, organization_fk, type_fk) VALUES (400032, 'superuser1', '2011-01-25 17:15:37.668', NULL, NULL, 'A Service for Affymetrix SNP6 Array protocol for SNP detection.', 'Affymetrix SNP6 - SNP', 'Affymetrix SNP6 Assay - SNP', NULL, true, NULL, NULL, NULL, NULL, 100106);
INSERT INTO service (id, createdby, datecreated, datemodified, modifiedby, description, displayname, name, enddate, istemplate, startdate, status, customerrequest_fk, organization_fk, type_fk) VALUES (400034, 'superuser1', '2011-01-25 17:17:29.054', NULL, NULL, 'A Service for the Affymetrix SNP6 array method for determining both SNP and CNV.', 'Affymetrix SNP6 - SNP + CNV', 'Affymetrix SNP6 - SNP and CNV', NULL, true, NULL, NULL, NULL, NULL, 400033);
INSERT INTO service (id, createdby, datecreated, datemodified, modifiedby, description, displayname, name, enddate, istemplate, startdate, status, customerrequest_fk, organization_fk, type_fk) VALUES (400035, 'superuser1', '2011-01-25 17:18:07.738', NULL, NULL, 'A Service for Consultation with Core Facility staff on array-based experimental design.', 'Consultation: Array-based Experiment Design', 'Consultation: Array-based Experiment Design', NULL, true, NULL, NULL, NULL, NULL, 100104);
INSERT INTO service (id, createdby, datecreated, datemodified, modifiedby, description, displayname, name, enddate, istemplate, startdate, status, customerrequest_fk, organization_fk, type_fk) VALUES (400036, 'superuser1', '2011-01-25 17:18:38.2', NULL, NULL, ' A Service for Consultation with Core Facility staff on NextGen Sequencing  experimental design.', 'Consultation: NextGen Sequencing Experiment Design', 'Consultation: NextGen Sequencing Experiment Design', NULL, true, NULL, NULL, NULL, NULL, 100104);
INSERT INTO service (id, createdby, datecreated, datemodified, modifiedby, description, displayname, name, enddate, istemplate, startdate, status, customerrequest_fk, organization_fk, type_fk) VALUES (400037, 'superuser1', '2011-01-25 17:19:38.729', NULL, NULL, 'A service for library construction for NextGen SequencingChipseq/epigenetic analysis (HiSeq platform).', 'Library construction - NextGen Sequencing - ChipSeq (HiSeq)', 'Library construction - NextGen Sequencing - ChipSeq (HiSeq)', NULL, true, NULL, NULL, NULL, NULL, 199582);
INSERT INTO service (id, createdby, datecreated, datemodified, modifiedby, description, displayname, name, enddate, istemplate, startdate, status, customerrequest_fk, organization_fk, type_fk) VALUES (400038, 'superuser1', '2011-01-25 17:22:22.243', NULL, NULL, ' A Service for Quality control tests on DNA: including quantification, purity, uniqueness,  etc.', 'DNA Sample Quality Control', 'DNA Sample Quality Control', NULL, true, NULL, NULL, NULL, NULL, 100100);
INSERT INTO service (id, createdby, datecreated, datemodified, modifiedby, description, displayname, name, enddate, istemplate, startdate, status, customerrequest_fk, organization_fk, type_fk) VALUES (400040, 'superuser1', '2011-01-25 17:24:39.462', NULL, NULL, 'A Service for Sequencing-NextGen-SoLID4-35Fragment.', 'Sequencing-NextGen-SoLID4-35Frag', 'Sequencing-NextGen-SoLID4-35Fragment', NULL, true, NULL, NULL, NULL, NULL, 199547);
INSERT INTO service (id, createdby, datecreated, datemodified, modifiedby, description, displayname, name, enddate, istemplate, startdate, status, customerrequest_fk, organization_fk, type_fk) VALUES (400042, 'superuser1', '2011-01-25 17:26:16.351', NULL, NULL, ' A Service for Sequencing-NextGen-SoLID4-35PairedEnd.', 'Sequencing-NextGen-SoLID4-35PairEnd', 'Sequencing-NextGen-SoLID4-35PairedEnd', NULL, true, NULL, NULL, NULL, NULL, 199547);
INSERT INTO service (id, createdby, datecreated, datemodified, modifiedby, description, displayname, name, enddate, istemplate, startdate, status, customerrequest_fk, organization_fk, type_fk) VALUES (400043, 'superuser1', '2011-01-25 17:26:50.482', NULL, NULL, ' A Service for Sequencing-NextGen-SoLID4-50MatePair.', 'Sequencing-NextGen-SoLID4-50MatePair', 'Sequencing-NextGen-SoLID4-50MatePair', NULL, true, NULL, NULL, NULL, NULL, 199547);
INSERT INTO service (id, createdby, datecreated, datemodified, modifiedby, description, displayname, name, enddate, istemplate, startdate, status, customerrequest_fk, organization_fk, type_fk) VALUES (400044, 'superuser1', '2011-01-25 17:27:24.742', NULL, NULL, ' A Service for Sequencing-NextGen-SoLID4-50PairedEnd.', 'Sequencing-NextGen-SoLID4-50PairEnd', 'Sequencing-NextGen-SoLID4-50PairedEnd', NULL, true, NULL, NULL, NULL, NULL, 199547);
INSERT INTO service (id, createdby, datecreated, datemodified, modifiedby, description, displayname, name, enddate, istemplate, startdate, status, customerrequest_fk, organization_fk, type_fk) VALUES (400045, 'superuser1', '2011-01-25 17:28:03.594', NULL, NULL, 'A Service for Sequencing-NextGen-HiSeq-100x100PairedEnd.', 'Sequencing-NextGen-HiSeq-100x100PairEnd', 'Sequencing-NextGen-HiSeq-100x100PairedEnd', NULL, true, NULL, NULL, NULL, NULL, 199548);
INSERT INTO service (id, createdby, datecreated, datemodified, modifiedby, description, displayname, name, enddate, istemplate, startdate, status, customerrequest_fk, organization_fk, type_fk) VALUES (400024, 'superuser1', '2011-01-25 15:49:08.116', '2011-01-25 18:38:38.287', 'superuser1', 'A service for library construction for NextGen Sequencing fragment analysis (HiSeq platform).', 'Library construction for NextGen Sequencing using the HiSeq platform', 'Library construction for NextGen Sequencing using the HiSeq platform', NULL, true, NULL, NULL, NULL, NULL, 199582);
INSERT INTO service (id, createdby, datecreated, datemodified, modifiedby, description, displayname, name, enddate, istemplate, startdate, status, customerrequest_fk, organization_fk, type_fk) VALUES (400041, 'superuser1', '2011-01-25 17:25:41.462', '2011-01-25 19:26:58.183', 'superuser1', 'A Service for Sequencing-NextGen-SoLID4-35MatePair.', 'Sequencing-NextGen-SoLID4-35MatePair', 'Sequencing-NextGen-SoLID4-35MatePair', NULL, true, NULL, NULL, NULL, NULL, 199547);
INSERT INTO service (id, createdby, datecreated, datemodified, modifiedby, description, displayname, name, enddate, istemplate, startdate, status, customerrequest_fk, organization_fk, type_fk) VALUES (400046, 'superuser1', '2011-01-25 17:28:45.28', NULL, NULL, 'A Service for Sequencing-NextGen-HiSeq-50Fragment.', 'Sequencing-NextGen-HiSeq-50Frag', 'Sequencing-NextGen-HiSeq-50Fragment', NULL, true, NULL, NULL, NULL, NULL, 199548);
INSERT INTO service (id, createdby, datecreated, datemodified, modifiedby, description, displayname, name, enddate, istemplate, startdate, status, customerrequest_fk, organization_fk, type_fk) VALUES (400047, 'superuser1', '2011-01-25 17:30:29.623', NULL, NULL, 'A Service for Sequencing-NextGen-SoLID4-50Fragment.', 'Sequencing-NextGen-SoLID4-50Frag', 'Sequencing-NextGen-SoLID4-50Fragment', NULL, true, NULL, NULL, NULL, NULL, 199547);
INSERT INTO service (id, createdby, datecreated, datemodified, modifiedby, description, displayname, name, enddate, istemplate, startdate, status, customerrequest_fk, organization_fk, type_fk) VALUES (400048, 'superuser1', '2011-01-25 17:31:15.629', NULL, NULL, 'A service for directed PCR resequencing (Sanger/BDT) using an Applied Biosystems 3730XL.', 'PCR Seq (Sanger) - AB3730XL', 'PCR Sanger Sequencing using AB 3730XL', NULL, true, NULL, NULL, NULL, NULL, 100098);
INSERT INTO service (id, createdby, datecreated, datemodified, modifiedby, description, displayname, name, enddate, istemplate, startdate, status, customerrequest_fk, organization_fk, type_fk) VALUES (400001, 'adminuser', '2011-01-24 17:02:39.886', '2011-01-25 17:46:40.257', 'superuser1', 'A Service for custom items.', 'Custom Service1', 'Custom Service1', NULL, true, NULL, NULL, NULL, NULL, 100104);
INSERT INTO service (id, createdby, datecreated, datemodified, modifiedby, description, displayname, name, enddate, istemplate, startdate, status, customerrequest_fk, organization_fk, type_fk) VALUES (400039, 'superuser1', '2011-01-25 17:22:51.742', '2011-01-25 18:23:12.24', 'superuser1', 'A Service for Quality control tests on RNA: including quantification, purity, and quality by Agilent Bioanalyzer.', 'RNA Sample Quality Control', 'RNA Sample Quality Control', NULL, true, NULL, NULL, NULL, NULL, 100100);
INSERT INTO service (id, createdby, datecreated, datemodified, modifiedby, description, displayname, name, enddate, istemplate, startdate, status, customerrequest_fk, organization_fk, type_fk) VALUES (400229, 'customer1', '2011-01-26 00:34:20.514', NULL, NULL, 'A Service for the Affymetrix SNP6 array method for determining both SNP and CNV.', 'Affymetrix SNP6 - SNP + CNV', 'Affymetrix SNP6 - SNP and CNV', NULL, false, NULL, 'DEFAULT', NULL, NULL, 400033);
INSERT INTO service (id, createdby, datecreated, datemodified, modifiedby, description, displayname, name, enddate, istemplate, startdate, status, customerrequest_fk, organization_fk, type_fk) VALUES (400234, 'customer1', '2011-01-26 00:41:22.042', NULL, NULL, 'A service for isolation of total RNA from animal cells and standard tissues, bacteria, and yeast using Qiagen RNeasy Mini Kit (binds up to 1.0 milligram).', 'Total RNA from cells/tissue - RNeasy Midi Kit', 'Purification of RNA from Human Tissue Using RNeasy Midi Kit', NULL, false, NULL, 'DEFAULT', NULL, NULL, 100102);
INSERT INTO service (id, createdby, datecreated, datemodified, modifiedby, description, displayname, name, enddate, istemplate, startdate, status, customerrequest_fk, organization_fk, type_fk) VALUES (400236, 'customer1', '2011-01-26 00:42:36.945', NULL, NULL, 'A Service for Quality control tests on RNA: including quantification, purity, and quality by Agilent Bioanalyzer.', 'RNA Sample Quality Control', 'RNA Sample Quality Control', NULL, false, NULL, 'DEFAULT', NULL, NULL, 100100);
INSERT INTO service (id, createdby, datecreated, datemodified, modifiedby, description, displayname, name, enddate, istemplate, startdate, status, customerrequest_fk, organization_fk, type_fk) VALUES (400239, 'customer2', '2011-01-26 00:46:59.626', NULL, NULL, ' A Service for Quality control tests on DNA: including quantification, purity, uniqueness,  etc.', 'DNA Sample Quality Control', 'DNA Sample Quality Control', NULL, false, NULL, 'DEFAULT', NULL, NULL, 100100);
INSERT INTO service (id, createdby, datecreated, datemodified, modifiedby, description, displayname, name, enddate, istemplate, startdate, status, customerrequest_fk, organization_fk, type_fk) VALUES (400247, 'customer2', '2011-01-26 01:09:09.228', NULL, NULL, 'A Service for Quality control tests on RNA: including quantification, purity, and quality by Agilent Bioanalyzer.', 'RNA Sample Quality Control', 'RNA Sample Quality Control', NULL, false, NULL, 'DEFAULT', NULL, NULL, 100100);


INSERT INTO serviceitem (id, createdby, datecreated, datemodified, modifiedby, description, displayname, name, enddate, quantity_value, specimentype, startdate, status, quantity_standardunit_fk, quantity_type_fk, service_fk, rate_fk, type_fk) VALUES (400051, 'superuser1', '2011-01-25 17:59:50.996', NULL, NULL, 'A default ServiceItem forAffymetrix CustomArray protocol for gene expression.', 'SI-Affymetrix Custom-GE', 'SI-Affymetrix Custom-GE', NULL, '2', NULL, NULL, 'DEFAULT', 199402, NULL, 400031, 400050, 199537);
INSERT INTO serviceitem (id, createdby, datecreated, datemodified, modifiedby, description, displayname, name, enddate, quantity_value, specimentype, startdate, status, quantity_standardunit_fk, quantity_type_fk, service_fk, rate_fk, type_fk) VALUES (400052, 'superuser1', '2011-01-25 18:01:40.644', NULL, NULL, 'efault ServiceItem forAffymetrix SNP6 Copy Number Variation (CNV) MicroarrayAssayAndAnalysis.', 'SI-AffymetrixSNP6-CNV', 'SI-AffymetrixSNP6-CNV', NULL, '2', NULL, NULL, 'DEFAULT', 199402, NULL, 400030, 400050, 199536);
INSERT INTO serviceitem (id, createdby, datecreated, datemodified, modifiedby, description, displayname, name, enddate, quantity_value, specimentype, startdate, status, quantity_standardunit_fk, quantity_type_fk, service_fk, rate_fk, type_fk) VALUES (400014, 'adminuser', '2011-01-24 18:14:22.428', NULL, NULL, 'asdfasf', 'asdfasdf', 'asdfasdf', NULL, '3', NULL, NULL, 'DEFAULT', 199402, NULL, 400013, 400008, 199542);
INSERT INTO serviceitem (id, createdby, datecreated, datemodified, modifiedby, description, displayname, name, enddate, quantity_value, specimentype, startdate, status, quantity_standardunit_fk, quantity_type_fk, service_fk, rate_fk, type_fk) VALUES (400053, 'superuser1', '2011-01-25 18:02:58.992', NULL, NULL, 'A default ServiceItem forAffymetrix SNP6 single nucleotide polymorphism (SNP) MicroarrayAssayAndAnalysis.', 'SI-AffymetrixSNP6-SNP', 'SI-AffymetrixSNP6-SNP', NULL, '1', NULL, NULL, 'DEFAULT', 199402, NULL, 400032, 400050, 199538);
INSERT INTO serviceitem (id, createdby, datecreated, datemodified, modifiedby, description, displayname, name, enddate, quantity_value, specimentype, startdate, status, quantity_standardunit_fk, quantity_type_fk, service_fk, rate_fk, type_fk) VALUES (400055, 'superuser1', '2011-01-25 18:09:33.191', NULL, NULL, 'A default ServiceItem forAffymetrix SNP6 single nucleotide polymorphism (SNP)And copy number variation (CNV) MicroarrayAssayAndAnalysis.', 'SI-AffymetrixSNP6-SNP/CNV', 'SI-AffymetrixSNP6-SNP/CNV', NULL, '1', NULL, NULL, 'DEFAULT', 199402, NULL, 400034, 400054, 199611);
INSERT INTO serviceitem (id, createdby, datecreated, datemodified, modifiedby, description, displayname, name, enddate, quantity_value, specimentype, startdate, status, quantity_standardunit_fk, quantity_type_fk, service_fk, rate_fk, type_fk) VALUES (400057, 'superuser1', '2011-01-25 18:16:00.778', NULL, NULL, 'A default ServiceItem for Consultation on Array-based Assays.', 'SI-Consultation for Array-based Assays', 'SI-Consultation for Array-based Assays', NULL, '3', NULL, NULL, 'DEFAULT', 199402, NULL, 400035, 400056, 199539);
INSERT INTO serviceitem (id, createdby, datecreated, datemodified, modifiedby, description, displayname, name, enddate, quantity_value, specimentype, startdate, status, quantity_standardunit_fk, quantity_type_fk, service_fk, rate_fk, type_fk) VALUES (400058, 'superuser1', '2011-01-25 18:17:00.429', NULL, NULL, 'A default ServiceItem for Consultation on NextGen Sequencing Assays.', 'SI-Consultation for NextGen Sequencing Assays', 'SI-Consultation for NextGen Sequencing Assays', NULL, '3', NULL, NULL, 'DEFAULT', 199402, NULL, 400036, 400056, 199539);
INSERT INTO serviceitem (id, createdby, datecreated, datemodified, modifiedby, description, displayname, name, enddate, quantity_value, specimentype, startdate, status, quantity_standardunit_fk, quantity_type_fk, service_fk, rate_fk, type_fk) VALUES (400011, 'adminuser', '2011-01-24 18:05:29.706', '2011-01-25 18:18:05.446', 'superuser1', 'A default ServiceItem for Custom consultation.', 'SI-CustomConsultation', 'SI-CustomConsultation', NULL, '3', NULL, NULL, 'DEFAULT', 199402, NULL, 400001, 400056, 199539);
INSERT INTO serviceitem (id, createdby, datecreated, datemodified, modifiedby, description, displayname, name, enddate, quantity_value, specimentype, startdate, status, quantity_standardunit_fk, quantity_type_fk, service_fk, rate_fk, type_fk) VALUES (400060, 'superuser1', '2011-01-25 18:21:23.133', NULL, NULL, 'A default ServiceItem for Quality control tests on DNA: including quantification by spectrophotometer, purity/integrity check by agarose gel electrophoresis, and uniqueness check for primers (gel electrophoresis).', 'SI-Quality control-DNA-default', 'SI-Quality control-DNA-default', NULL, '1', NULL, NULL, 'DEFAULT', 199402, NULL, 400038, 400059, 199541);
INSERT INTO serviceitem (id, createdby, datecreated, datemodified, modifiedby, description, displayname, name, enddate, quantity_value, specimentype, startdate, status, quantity_standardunit_fk, quantity_type_fk, service_fk, rate_fk, type_fk) VALUES (400062, 'superuser1', '2011-01-25 18:30:52.268', NULL, NULL, 'A default service item for library construction for NextGen Sequencing fragment Analysis (SoLID platform).', 'SI-LibConstruction-SoLID-Fragment', 'SI-LibConstruction-SoLID-Fragment', NULL, '1', NULL, NULL, 'DEFAULT', 199402, NULL, 400023, 400054, 199628);
INSERT INTO serviceitem (id, createdby, datecreated, datemodified, modifiedby, description, displayname, name, enddate, quantity_value, specimentype, startdate, status, quantity_standardunit_fk, quantity_type_fk, service_fk, rate_fk, type_fk) VALUES (400061, 'superuser1', '2011-01-25 18:28:26.906', '2011-01-25 18:32:46.048', 'superuser1', 'A default service item for custom library construction for NextGen Sequencing (SoLID platform).', 'SI-CustomLibConstruction-SoLID platform', 'SI-CustomLibConstruction-SoLID platform', NULL, '1', NULL, NULL, 'DEFAULT', 199402, NULL, 400023, 400063, 199628);
INSERT INTO serviceitem (id, createdby, datecreated, datemodified, modifiedby, description, displayname, name, enddate, quantity_value, specimentype, startdate, status, quantity_standardunit_fk, quantity_type_fk, service_fk, rate_fk, type_fk) VALUES (400064, 'superuser1', '2011-01-25 18:34:35.392', '2011-01-25 18:34:51.028', 'superuser1', 'A default service for library construction for NextGen Sequencing fragment Analysis (HiSeq platform).', 'SI-LibConstruction-HiSeq-Fragment', 'SI-LibConstruction-HiSeq-Fragment', NULL, '1', NULL, NULL, 'DEFAULT', 199402, NULL, 400024, 400054, 199628);
INSERT INTO serviceitem (id, createdby, datecreated, datemodified, modifiedby, description, displayname, name, enddate, quantity_value, specimentype, startdate, status, quantity_standardunit_fk, quantity_type_fk, service_fk, rate_fk, type_fk) VALUES (400065, 'superuser1', '2011-01-25 18:37:35.204', NULL, NULL, 'A default service item for library construction for NextGen Sequencing Chipseq/epigenetic Analysis (HiSeq platform).', 'SI-LibConstruction-HiSeq-ChipSeq', 'SI-LibConstruction-HiSeq-ChipSeq', NULL, '1', NULL, NULL, 'DEFAULT', 199402, NULL, 400037, 400063, 199628);
INSERT INTO serviceitem (id, createdby, datecreated, datemodified, modifiedby, description, displayname, name, enddate, quantity_value, specimentype, startdate, status, quantity_standardunit_fk, quantity_type_fk, service_fk, rate_fk, type_fk) VALUES (400066, 'superuser1', '2011-01-25 18:40:04.364', NULL, NULL, 'A default service item for library construction for NextGen Sequencing Chipseq/epigenetic Analysis (SoLID platform).', 'SI-LibConstruction-SoLID-ChipSeq', 'SI-LibConstruction-SoLID-ChipSeq', NULL, '1', NULL, NULL, 'DEFAULT', 199402, NULL, 400016, 400063, 199628);
INSERT INTO serviceitem (id, createdby, datecreated, datemodified, modifiedby, description, displayname, name, enddate, quantity_value, specimentype, startdate, status, quantity_standardunit_fk, quantity_type_fk, service_fk, rate_fk, type_fk) VALUES (400068, 'superuser1', '2011-01-25 18:44:41.696', NULL, NULL, 'A default ServiceItem for Quality control tests on DNA: including quantification, purity, and quality by Agilent Bioanalyzer.', 'SI-Quality control-RNA-default', 'SI-Quality control-RNA-default', NULL, '1', NULL, NULL, 'DEFAULT', 199402, NULL, 400039, 400067, 199541);
INSERT INTO serviceitem (id, createdby, datecreated, datemodified, modifiedby, description, displayname, name, enddate, quantity_value, specimentype, startdate, status, quantity_standardunit_fk, quantity_type_fk, service_fk, rate_fk, type_fk) VALUES (400069, 'superuser1', '2011-01-25 18:46:57.137', NULL, NULL, 'A default ServiceItem for directed PCR resequencing (Sanger/BDT) usingAnApplied Biosystems 3730XL.', 'SI-DirectedPCRseq-Sanger/BDT-AB3730XL', 'SI-DirectedPCRresequencing-Sanger/BDT-AB3730XL', NULL, '1', NULL, NULL, 'DEFAULT', 199402, NULL, 400048, 400059, 199545);
INSERT INTO serviceitem (id, createdby, datecreated, datemodified, modifiedby, description, displayname, name, enddate, quantity_value, specimentype, startdate, status, quantity_standardunit_fk, quantity_type_fk, service_fk, rate_fk, type_fk) VALUES (400071, 'superuser1', '2011-01-25 18:51:38.831', NULL, NULL, 'A default ServiceItem for directed PCR resequencing (Sanger/BDT) usingAnApplied Biosystems 3730XL - for plate of 94 samples in 96-well plate.', 'SI-DirectedPCRseq-Sanger/BDT-AB3730XL: 94/96', 'SI-DirectedPCRresequencing-Sanger/BDT-AB3730XL: 94/96-well', NULL, '94', NULL, NULL, 'DEFAULT', 199402, NULL, 400048, 400070, 199545);
INSERT INTO serviceitem (id, createdby, datecreated, datemodified, modifiedby, description, displayname, name, enddate, quantity_value, specimentype, startdate, status, quantity_standardunit_fk, quantity_type_fk, service_fk, rate_fk, type_fk) VALUES (400073, 'superuser1', '2011-01-25 18:56:30.796', NULL, NULL, 'A default ServiceItem for isolation of genomic DNA from 2 ml (1 ml) of whole blood or buffy coat enriched blood samples.', 'SI-DNA from HBC - QIAamp DNA Blood Midi Kit', 'SI-Purification of DNA from Human Buffy Coat Using QIAamp DNA Blood Midi Kit', NULL, '1', NULL, NULL, 'DEFAULT', 199402, NULL, 400025, 400072, 199543);
INSERT INTO serviceitem (id, createdby, datecreated, datemodified, modifiedby, description, displayname, name, enddate, quantity_value, specimentype, startdate, status, quantity_standardunit_fk, quantity_type_fk, service_fk, rate_fk, type_fk) VALUES (400075, 'superuser1', '2011-01-25 18:58:29.153', '2011-01-25 18:59:38.575', 'superuser1', 'A default ServiceItem for isolation of genomic DNA from 1 ml (0.5 ml) of whole blood (or buffy coat) enriched blood samples.', 'SI-DNA from HBC - QIAamp DNA Blood Mini Kit', 'SI-Purification of DNA from Human Buffy Coat Using QIAamp DNA Blood Mini Kit', NULL, '1', NULL, NULL, 'DEFAULT', 199402, NULL, 400026, 400076, 199543);
INSERT INTO serviceitem (id, createdby, datecreated, datemodified, modifiedby, description, displayname, name, enddate, quantity_value, specimentype, startdate, status, quantity_standardunit_fk, quantity_type_fk, service_fk, rate_fk, type_fk) VALUES (400078, 'superuser1', '2011-01-25 19:10:51.167', NULL, NULL, 'A default ServiceItem for isolation of total RNA fromAnimal cellsAnd standard tissues, bacteria,And yeast using Qiagen RNeasy Mini Kit (binds up to 1.0 milligram).', 'SI-Total RNA from cells/tissue - RNeasy Midi Kit', 'SI- Purification of RNA from Human Tissue Using RNeasy Midi Kit', NULL, '1', NULL, NULL, 'DEFAULT', 199402, NULL, 400028, 400077, 199543);
INSERT INTO serviceitem (id, createdby, datecreated, datemodified, modifiedby, description, displayname, name, enddate, quantity_value, specimentype, startdate, status, quantity_standardunit_fk, quantity_type_fk, service_fk, rate_fk, type_fk) VALUES (400228, 'customer1', '2011-01-26 00:33:42.818', '2011-01-26 00:36:04.569', 'customer1', 'A default ServiceItem for Quality control tests on DNA: including quantification by spectrophotometer, purity/integrity check by agarose gel electrophoresis, and uniqueness check for primers (gel electrophoresis).', 'SI-Quality control-DNA-default', 'SI-Quality control-DNA-default', NULL, '90', 'NUCLEICACID', NULL, 'DEFAULT', 199402, NULL, 400227, 400059, 199541);
INSERT INTO serviceitem (id, createdby, datecreated, datemodified, modifiedby, description, displayname, name, enddate, quantity_value, specimentype, startdate, status, quantity_standardunit_fk, quantity_type_fk, service_fk, rate_fk, type_fk) VALUES (400230, 'customer1', '2011-01-26 00:34:20.525', '2011-01-26 00:37:24.988', 'customer1', 'A default ServiceItem forAffymetrix SNP6 single nucleotide polymorphism (SNP)And copy number variation (CNV) MicroarrayAssayAndAnalysis.', 'SI-AffymetrixSNP6-SNP/CNV', 'SI-AffymetrixSNP6-SNP/CNV', NULL, '90', 'NUCLEICACID', NULL, 'DEFAULT', 199402, NULL, 400229, 400054, 199611);
INSERT INTO serviceitem (id, createdby, datecreated, datemodified, modifiedby, description, displayname, name, enddate, quantity_value, specimentype, startdate, status, quantity_standardunit_fk, quantity_type_fk, service_fk, rate_fk, type_fk) VALUES (400235, 'customer1', '2011-01-26 00:41:22.046', '2011-01-26 00:42:08.298', 'customer1', 'A default ServiceItem for isolation of total RNA fromAnimal cellsAnd standard tissues, bacteria,And yeast using Qiagen RNeasy Mini Kit (binds up to 1.0 milligram).', 'SI-Total RNA from cells/tissue - RNeasy Midi Kit', 'SI- Purification of RNA from Human Tissue Using RNeasy Midi Kit', NULL, '6', 'TISSUESPECIMEN', NULL, 'DEFAULT', 199402, NULL, 400234, 400077, 199543);
INSERT INTO serviceitem (id, createdby, datecreated, datemodified, modifiedby, description, displayname, name, enddate, quantity_value, specimentype, startdate, status, quantity_standardunit_fk, quantity_type_fk, service_fk, rate_fk, type_fk) VALUES (400237, 'customer1', '2011-01-26 00:42:36.969', '2011-01-26 00:43:05.154', 'customer1', 'A default ServiceItem for Quality control tests on DNA: including quantification, purity, and quality by Agilent Bioanalyzer.', 'SI-Quality control-RNA-default', 'SI-Quality control-RNA-default', NULL, '6', 'NUCLEICACID', NULL, 'DEFAULT', 199402, NULL, 400236, 400067, 199541);
INSERT INTO serviceitem (id, createdby, datecreated, datemodified, modifiedby, description, displayname, name, enddate, quantity_value, specimentype, startdate, status, quantity_standardunit_fk, quantity_type_fk, service_fk, rate_fk, type_fk) VALUES (400240, 'customer2', '2011-01-26 00:46:59.63', '2011-01-26 00:48:30.667', 'customer2', 'A default ServiceItem for Quality control tests on DNA: including quantification by spectrophotometer, purity/integrity check by agarose gel electrophoresis, and uniqueness check for primers (gel electrophoresis).', 'SI-Quality control-DNA-default', 'SI-Quality control-DNA-default', NULL, '10', 'NUCLEICACID', NULL, 'DEFAULT', 199402, NULL, 400239, 400059, 199541);
INSERT INTO serviceitem (id, createdby, datecreated, datemodified, modifiedby, description, displayname, name, enddate, quantity_value, specimentype, startdate, status, quantity_standardunit_fk, quantity_type_fk, service_fk, rate_fk, type_fk) VALUES (400243, 'labmanager1', '2011-01-26 00:57:34.393', NULL, NULL, 'SI-Sequencing-NextGen-SoLID4-50MatePair', 'SI-Sequencing-NextGen-SoLID4-50MatePair', 'SI-Sequencing-NextGen-SoLID4-50MatePair', NULL, '1', NULL, NULL, 'DEFAULT', 199402, NULL, 400043, 400063, 199544);
INSERT INTO serviceitem (id, createdby, datecreated, datemodified, modifiedby, description, displayname, name, enddate, quantity_value, specimentype, startdate, status, quantity_standardunit_fk, quantity_type_fk, service_fk, rate_fk, type_fk) VALUES (400244, 'labmanager1', '2011-01-26 00:59:31.653', NULL, NULL, 'SI-LibConstruction-SoLID-MatePair', 'SI-LibConstruction-SoLID-MatePair', 'SI-LibConstruction-SoLID-MatePair', NULL, '1', NULL, NULL, 'DEFAULT', 199402, NULL, 400019, 400050, 199628);
INSERT INTO serviceitem (id, createdby, datecreated, datemodified, modifiedby, description, displayname, name, enddate, quantity_value, specimentype, startdate, status, quantity_standardunit_fk, quantity_type_fk, service_fk, rate_fk, type_fk) VALUES (400248, 'customer2', '2011-01-26 01:09:09.232', '2011-01-26 01:09:57.538', 'customer2', 'A default ServiceItem for Quality control tests on DNA: including quantification, purity, and quality by Agilent Bioanalyzer.', 'SI-Quality control-RNA-default', 'SI-Quality control-RNA-default', NULL, '10', 'NUCLEICACID', NULL, 'DEFAULT', 199402, NULL, 400247, 400067, 199541);

INSERT INTO software (id, createdby, datecreated, datemodified, modifiedby, description, displayname, name, expirationdate, numberofusers, operatingsystem, serialnumber, status, version, type_fk, equipment_fk) VALUES (100206, 'superuser1', '2010-08-24 00:05:17.194', '2010-08-24 00:10:48.044', 'superuser1', 'Software for the operation of the Affymetrix Fluidics Station and GeneChip Scanner and for analysis', 'AGCC software', 'Affymetrix Genotyping Console', '2011-09-29 00:00:00', 5, 'Window XP', 'SN12345', 'DEFAULT', '1', 100054, NULL);
INSERT INTO software (id, createdby, datecreated, datemodified, modifiedby, description, displayname, name, expirationdate, numberofusers, operatingsystem, serialnumber, status, version, type_fk, equipment_fk) VALUES (100207, 'superuser1', '2010-08-24 00:07:05.683', NULL, NULL, 'Affymetrix software for Gene Expression collection and analysis', 'Affymetrix GCOS', 'Affymetrix GCOS', '2011-08-31 00:00:00', 5, 'Windows XP', 'SN23456', 'DEFAULT', '3.3', 100053, NULL);
INSERT INTO software (id, createdby, datecreated, datemodified, modifiedby, description, displayname, name, expirationdate, numberofusers, operatingsystem, serialnumber, status, version, type_fk, equipment_fk) VALUES (100216, 'superuser1', '2010-08-24 15:37:42.081', NULL, NULL, 'This is the controling software for the Applied Biosystems Automated Sequencers.', 'ABDCv 3.0', 'Applied Biosystems Data Collection version 3.0', '2011-12-30 00:00:00', NULL, 'Windows XP', 'SN293949', 'DEFAULT', '3.0', 100053, NULL);
INSERT INTO software (id, createdby, datecreated, datemodified, modifiedby, description, displayname, name, expirationdate, numberofusers, operatingsystem, serialnumber, status, version, type_fk, equipment_fk) VALUES (199644, 'labmanager1', '2010-11-08 10:37:02.318', '2010-11-08 10:37:52.378', 'labmanager1', 'Agilent 2100 Expert Software for instrument set-up, data collection, and data analysis.', 'Agilent 2100 Expert Software', 'Agilent 2100 Expert Software', '2010-12-03 00:00:00', 1, 'Windows', 'D2100D09876', 'DEFAULT', '2100B.02.07', 100053, NULL);

INSERT INTO taxon (id, createdby, datecreated, datemodified, modifiedby, description, displayname, name, commonname, genus, ncbitaxonomyid, populationgroup, species, speciessubgroup) VALUES (100615, 'superuser1', '2010-10-07 03:38:50.216', NULL, NULL, 'A model organism for understanding the genetic control of development  and physiology.', 'worm (C. elegans)', 'worm (Caenorhabditis elegans)', 'worm', 'Caenorhabditis', '', '', 'elegans', '');
INSERT INTO taxon (id, createdby, datecreated, datemodified, modifiedby, description, displayname, name, commonname, genus, ncbitaxonomyid, populationgroup, species, speciessubgroup) VALUES (100613, 'superuser1', '2010-10-07 03:29:30.754', '2010-10-07 03:39:16.185', 'superuser1', 'taxon for human', 'human', 'Human (Homo sapiens)', 'human', 'Homo', '', '', 'sapiens', 'sapiens');
INSERT INTO taxon (id, createdby, datecreated, datemodified, modifiedby, description, displayname, name, commonname, genus, ncbitaxonomyid, populationgroup, species, speciessubgroup) VALUES (100617, 'superuser1', '2010-10-07 03:42:11.757', NULL, NULL, 'taxon for common goat (Capra aegagrus) used to produce antibodies.', 'goat (C. aegagrus)', 'Capra aegagrus', 'goat', 'Capra', '', '', 'aegagrus', '');
INSERT INTO taxon (id, createdby, datecreated, datemodified, modifiedby, description, displayname, name, commonname, genus, ncbitaxonomyid, populationgroup, species, speciessubgroup) VALUES (100619, 'superuser1', '2010-10-07 03:44:24.729', NULL, NULL, 'taxon for a bacterial pathogen associated with bacteremia, pneumonia, and menigitis.', 'H. influenzae type b', 'Haemophilus influenzae', 'H. influenzae type b', 'Haemophilus', '', '', 'influenzae', 'type b');
INSERT INTO taxon (id, createdby, datecreated, datemodified, modifiedby, description, displayname, name, commonname, genus, ncbitaxonomyid, populationgroup, species, speciessubgroup) VALUES (100614, 'superuser1', '2010-10-07 03:34:01.877', '2010-10-07 03:57:31.333', 'superuser1', 'taxon for common mouse in North America', 'mouse (domesticus)', 'mouse (M.musculus, domesticus)', 'house mouse', 'Mus', '', '', 'musculus', 'domesticus');






INSERT INTO organization (id, createdby, datecreated, datemodified, modifiedby, description, displayname, name, dunsnumber, identifiernumber, istaxexempt, legalcategorytype, status, taxidentifiernumber, location_fk, organization_fk, type_fk, collaboration_fk) VALUES (100160, 'superuser1', '2010-08-23 15:30:11.233', '2010-08-23 15:31:37.631', 'superuser1', 'NIH - seek fundamental knowledge about nature & behavior of living systems; reduce burden of disease', 'NIH', 'National Institutes of Health', '121121121', '', true, 'Federal Government', 'ACTIVE', '121121121', 100130, NULL, 100156, NULL);
INSERT INTO organization (id, createdby, datecreated, datemodified, modifiedby, description, displayname, name, dunsnumber, identifiernumber, istaxexempt, legalcategorytype, status, taxidentifiernumber, location_fk, organization_fk, type_fk, collaboration_fk) VALUES (100001, 'adminuser', '2010-08-17 15:04:14.827', '2010-08-23 15:30:38.753', 'superuser1', 'Demo test organization1', 'Test Organization1', 'Test Organization 1', '111111111', 'demo1idnumber', true, 'Federal Government', 'ACTIVE', '222222222', 100155, 100160, 100000, NULL);
INSERT INTO organization (id, createdby, datecreated, datemodified, modifiedby, description, displayname, name, dunsnumber, identifiernumber, istaxexempt, legalcategorytype, status, taxidentifiernumber, location_fk, organization_fk, type_fk, collaboration_fk) VALUES (100161, 'superuser1', '2010-08-23 15:40:47.966', NULL, NULL, 'NCI leads a national effort to eliminate the suffering and death due to cancer.', 'NCI', 'National Cancer Institute', '', '', true, 'Federal Government', 'ACTIVE', '', 100155, 100160, 100156, NULL);
INSERT INTO organization (id, createdby, datecreated, datemodified, modifiedby, description, displayname, name, dunsnumber, identifiernumber, istaxexempt, legalcategorytype, status, taxidentifiernumber, location_fk, organization_fk, type_fk, collaboration_fk) VALUES (100173, 'labmanager1', '2010-08-23 17:11:10.816', NULL, NULL, 'More than 250 scientists and clinicians working in intramural research at NCI.', 'CCR', 'Center for Cancer Research', '', '', true, 'Federal Government', 'ACTIVE', '', 100155, 100161, 100156, NULL);
INSERT INTO organization (id, createdby, datecreated, datemodified, modifiedby, description, displayname, name, dunsnumber, identifiernumber, istaxexempt, legalcategorytype, status, taxidentifiernumber, location_fk, organization_fk, type_fk, collaboration_fk) VALUES (100165, 'labmanager1', '2010-08-23 16:23:56.654', NULL, NULL, 'Another University for demonstration.', 'Demo University2', 'Demo University 2', '343343343', '', false, 'Education', 'ACTIVE', '909909909', 100164, NULL, 100158, NULL);
INSERT INTO organization (id, createdby, datecreated, datemodified, modifiedby, description, displayname, name, dunsnumber, identifiernumber, istaxexempt, legalcategorytype, status, taxidentifiernumber, location_fk, organization_fk, type_fk, collaboration_fk) VALUES (100223, 'superuser1', '2010-08-24 17:18:37.599', '2010-09-12 21:05:49.179', 'superuser1', '', 'Test Organization 2', 'Test Organization 2', '', '', NULL, '', 'ACTIVE', '', 100176, 100001, 100157, NULL);
INSERT INTO organization (id, createdby, datecreated, datemodified, modifiedby, description, displayname, name, dunsnumber, identifiernumber, istaxexempt, legalcategorytype, status, taxidentifiernumber, location_fk, organization_fk, type_fk, collaboration_fk) VALUES (100163, 'superuser1', '2010-08-23 15:53:17.453', '2010-10-21 20:00:25.589', 'superuser1', 'A University for demonstration purposes.', 'Demo University1', 'Demo University 1', '131131131', '242242424', false, 'Education', 'ACTIVE', '333333333', 100162, NULL, 100158, NULL);
INSERT INTO organization (id, createdby, datecreated, datemodified, modifiedby, description, displayname, name, dunsnumber, identifiernumber, istaxexempt, legalcategorytype, status, taxidentifiernumber, location_fk, organization_fk, type_fk, collaboration_fk) VALUES (100175, 'labmanager1', '2010-08-23 17:24:30.934', '2010-11-17 15:52:16.733', 'adminuser', 'A Laboratory in the NCI/CCR that utilizes genetic analysis to gain insight into biologic processes.', 'LPG', 'Laboratory of Population Genetics', '', '', true, 'Federal Government', 'ACTIVE', '', 100174, 100173, 100156, NULL);

INSERT INTO namingconvention (id, createdby, datecreated, datemodified, modifiedby, description, displayname, name, example, grouping, ismandatory, issuggested, isunique, maximumlength, status, type, person_fk, laboratory_fk) VALUES (10001, 'adminuser', '2010-08-17 13:01:38.337', NULL, NULL, '', 'nc1', 'nc1', 'ABC_123', NULL, NULL, NULL, NULL, 7, 'ACTIVE', 0, NULL, 10000);
INSERT INTO namingconvention (id, createdby, datecreated, datemodified, modifiedby, description, displayname, name, example, grouping, ismandatory, issuggested, isunique, maximumlength, status, type, person_fk, laboratory_fk) VALUES (100218, 'superuser1', '2010-08-24 15:48:42.185', '2010-08-24 16:04:15.501', 'superuser1', 'This is the naming convention for AF SNP6 plate record files in Project Z.  For more information,', 'AFSNP6PlateRecord_v1', 'NamingConvention_AFSNP6PlateRecord_v1', 'ZZ0017r1', NULL, NULL, NULL, NULL, 100, 'ACTIVE', 0, 100004, 100131);

INSERT INTO word (id, createdby, datecreated, datemodified, modifiedby, description, displayname, name, characterset, delimiter, isincremented, maximumlength, minimumlength, padcharacter, rank, status, namingconvention_fk) VALUES (10002, 'adminuser', '2010-08-17 13:02:25.467', NULL, NULL, '', 'w1', 'w1', 1, '_', NULL, 3, 3, '', 1, 'DEFAULT', 10001);
INSERT INTO word (id, createdby, datecreated, datemodified, modifiedby, description, displayname, name, characterset, delimiter, isincremented, maximumlength, minimumlength, padcharacter, rank, status, namingconvention_fk) VALUES (10003, 'adminuser', '2010-08-17 13:03:00.915', NULL, NULL, '', 'w2', 'w2', 3, '', NULL, 3, 3, '0', 2, 'CURRENT', 10001);
INSERT INTO word (id, createdby, datecreated, datemodified, modifiedby, description, displayname, name, characterset, delimiter, isincremented, maximumlength, minimumlength, padcharacter, rank, status, namingconvention_fk) VALUES (100222, 'superuser1', '2010-08-24 16:00:25.86', '2010-08-24 16:00:49.866', 'superuser1', 'This is the ''word'' used to indicate repeats. EX: r1', 'Repeat Word 1', 'Repeat Word 1', 2, '', NULL, 2, 2, '', 3, 'APPROVALPENDING', 100218);
INSERT INTO word (id, createdby, datecreated, datemodified, modifiedby, description, displayname, name, characterset, delimiter, isincremented, maximumlength, minimumlength, padcharacter, rank, status, namingconvention_fk) VALUES (100221, 'superuser1', '2010-08-24 15:58:12.222', '2010-08-24 16:01:22.204', 'superuser1', 'This is the 4 digit Plate number with a ''0'' pad character. EX: 0022_', 'Plate Number 1', 'Plate Number Word 1', 3, '_', NULL, 4, 4, '0', 2, 'APPROVALPENDING', 100218);
INSERT INTO word (id, createdby, datecreated, datemodified, modifiedby, description, displayname, name, characterset, delimiter, isincremented, maximumlength, minimumlength, padcharacter, rank, status, namingconvention_fk) VALUES (100220, 'superuser1', '2010-08-24 15:55:53.723', '2010-08-24 16:01:52.219', 'superuser1', 'This ''word'' holds the designated Project Name information. EX: ZZ_', 'Project Name 1', 'Project Name Word 1', 2, '_', NULL, 2, 2, '', 1, 'APPROVALPENDING', 100218);


INSERT INTO role (id, createdby, datecreated, datemodified, modifiedby, description, displayname, name, status, type, person_fk, organization_fk, laboratory_fk) VALUES (100012, 'superuser1', '2010-08-20 02:07:48.629', '2010-08-20 02:15:08.452', 'superuser1', 'An enterprise or an entity that produces finished goods.', 'Manufacturer', 'Manufacturer', 'ACTIVE', 1, NULL, NULL, NULL);
INSERT INTO role (id, createdby, datecreated, datemodified, modifiedby, description, displayname, name, status, type, person_fk, organization_fk, laboratory_fk) VALUES (100019, 'superuser1', '2010-08-20 02:37:50.782', NULL, NULL, 'Part  of scientific organization that spans institutions.', 'Consortium member', 'Consortium member', 'ACTIVE', 3, NULL, NULL, NULL);
INSERT INTO role (id, createdby, datecreated, datemodified, modifiedby, description, displayname, name, status, type, person_fk, organization_fk, laboratory_fk) VALUES (100020, 'superuser1', '2010-08-20 02:42:26.876', NULL, NULL, 'Member of  a group of two or more parties work jointly towards a common goal.', 'Collaboration member', 'Collaboration member', 'ACTIVE', 3, NULL, NULL, NULL);
INSERT INTO role (id, createdby, datecreated, datemodified, modifiedby, description, displayname, name, status, type, person_fk, organization_fk, laboratory_fk) VALUES (100022, 'superuser1', '2010-08-20 02:52:14.532', NULL, NULL, 'Individual who is responsible for managing interactions with customers (e.g. accounts and billing).', 'Business Manager', 'Business Manager', 'ACTIVE', 0, NULL, NULL, NULL);
INSERT INTO role (id, createdby, datecreated, datemodified, modifiedby, description, displayname, name, status, type, person_fk, organization_fk, laboratory_fk) VALUES (100023, 'superuser1', '2010-08-20 02:56:32.201', NULL, NULL, 'The PI responsible for the direction and supervision of a Laboratory within NIH.', 'Lab Chief', 'Laboratory Branch Chief', 'ACTIVE', 0, NULL, NULL, NULL);
INSERT INTO role (id, createdby, datecreated, datemodified, modifiedby, description, displayname, name, status, type, person_fk, organization_fk, laboratory_fk) VALUES (100025, 'superuser1', '2010-08-20 03:03:14.87', NULL, NULL, 'One of two or more scientists working together on a research project.', 'CO-PI', 'Co-Investigator', 'ACTIVE', 0, NULL, NULL, NULL);
INSERT INTO role (id, createdby, datecreated, datemodified, modifiedby, description, displayname, name, status, type, person_fk, organization_fk, laboratory_fk) VALUES (100029, 'superuser1', '2010-08-20 03:12:09.423', NULL, NULL, 'A person who works on information technology as applied to the life sciences.', 'Bioinformatician', 'Bioinformatician', 'ACTIVE', 0, NULL, NULL, NULL);
INSERT INTO role (id, createdby, datecreated, datemodified, modifiedby, description, displayname, name, status, type, person_fk, organization_fk, laboratory_fk) VALUES (100028, 'superuser1', '2010-08-20 03:10:04.874', NULL, NULL, 'Person responsible for maintaining and ordering the Laboratory supplies and reagents.', 'Inventory Manager', 'Inventory Manager', 'ACTIVE', 0, 100004, NULL, NULL);
INSERT INTO role (id, createdby, datecreated, datemodified, modifiedby, description, displayname, name, status, type, person_fk, organization_fk, laboratory_fk) VALUES (100030, 'superuser1', '2010-08-20 03:19:16.44', NULL, NULL, 'Individual who designs and performs experiments.  A Staff Scientist is generally supervised by a PI.', 'SS', 'Staff Scientist', 'ACTIVE', 0, NULL, NULL, NULL);
INSERT INTO role (id, createdby, datecreated, datemodified, modifiedby, description, displayname, name, status, type, person_fk, organization_fk, laboratory_fk) VALUES (100032, 'superuser1', '2010-08-20 03:22:45.04', NULL, NULL, 'One who is enrolled in an educational institution working toward a degree beyond baccalaureate.', 'Grad Student', 'Graduate Student', 'ACTIVE', 0, NULL, NULL, NULL);
INSERT INTO role (id, createdby, datecreated, datemodified, modifiedby, description, displayname, name, status, type, person_fk, organization_fk, laboratory_fk) VALUES (100033, 'superuser1', '2010-08-20 03:26:26.787', NULL, NULL, 'Individual who performs the quality control functions.', 'QC Manager', 'Quality Control Manager', 'ACTIVE', 0, NULL, NULL, NULL);
INSERT INTO role (id, createdby, datecreated, datemodified, modifiedby, description, displayname, name, status, type, person_fk, organization_fk, laboratory_fk) VALUES (100034, 'superuser1', '2010-08-20 03:28:40.525', NULL, NULL, 'Someone who instructs others in the use of, for example, equipment or techniques.', 'Trainer', 'Trainer', 'ACTIVE', 0, NULL, NULL, NULL);
INSERT INTO role (id, createdby, datecreated, datemodified, modifiedby, description, displayname, name, status, type, person_fk, organization_fk, laboratory_fk) VALUES (100036, 'superuser1', '2010-08-20 03:35:44.494', NULL, NULL, 'Sysadmins are usually charged with installing, supporting, and maintaining servers/other computers.', 'SysAdmin', 'Systems Administrator', 'ACTIVE', 0, NULL, NULL, NULL);
INSERT INTO role (id, createdby, datecreated, datemodified, modifiedby, description, displayname, name, status, type, person_fk, organization_fk, laboratory_fk) VALUES (100037, 'superuser1', '2010-08-20 03:38:24.04', NULL, NULL, 'Individual responsible for maintaining the Lab Safety regulations and documentation.', 'SO', 'Safety Officer', 'ACTIVE', 0, NULL, NULL, NULL);
INSERT INTO role (id, createdby, datecreated, datemodified, modifiedby, description, displayname, name, status, type, person_fk, organization_fk, laboratory_fk) VALUES (100021, 'superuser1', '2010-08-20 02:49:19.737', '2010-08-21 18:17:22.334', 'superuser1', 'A person who facilitates scientific research through various efforts - expenditures, budgets, etc.', 'Administrator', 'Administrator', 'ACTIVE', 0, NULL, NULL, NULL);
INSERT INTO role (id, createdby, datecreated, datemodified, modifiedby, description, displayname, name, status, type, person_fk, organization_fk, laboratory_fk) VALUES (100017, 'superuser1', '2010-08-20 02:21:16.96', NULL, NULL, 'A group with the power or right to give orders or make decisions for a particular area of activity.', 'Regulatory Authority', 'Regulatory Authority', 'ACTIVE', 1, NULL, 100173, NULL);
INSERT INTO role (id, createdby, datecreated, datemodified, modifiedby, description, displayname, name, status, type, person_fk, organization_fk, laboratory_fk) VALUES (100035, 'superuser1', '2010-08-20 03:30:38.409', NULL, NULL, 'A person acting as a channel for communication between groups or on behalf of a group.', 'Contact Person', 'Contact Person', 'ACTIVE', 0, 100009, NULL, NULL);
INSERT INTO role (id, createdby, datecreated, datemodified, modifiedby, description, displayname, name, status, type, person_fk, organization_fk, laboratory_fk) VALUES (100011, 'superuser1', '2010-08-18 20:27:33.986', '2010-08-20 03:15:58.972', 'superuser1', 'Individual who does sample preparation, runs experiments/assays, records results/observations.', 'Research Technician', 'Research Laboratory Technician', 'ACTIVE', 0, 100006, NULL, NULL);
INSERT INTO role (id, createdby, datecreated, datemodified, modifiedby, description, displayname, name, status, type, person_fk, organization_fk, laboratory_fk) VALUES (100016, 'superuser1', '2010-08-20 02:18:33.474', NULL, NULL, 'An organization founded and united for a specific purpose.', 'Institution', 'Institution', 'ACTIVE', 1, NULL, 100165, NULL);
INSERT INTO role (id, createdby, datecreated, datemodified, modifiedby, description, displayname, name, status, type, person_fk, organization_fk, laboratory_fk) VALUES (100013, 'superuser1', '2010-08-20 02:10:01.841', NULL, NULL, 'An organization that purchases items or service.', 'Customer', 'Customer', 'ACTIVE', 1, NULL, 100165, NULL);
INSERT INTO role (id, createdby, datecreated, datemodified, modifiedby, description, displayname, name, status, type, person_fk, organization_fk, laboratory_fk) VALUES (100026, 'superuser1', '2010-08-20 03:05:19.12', NULL, NULL, 'Lab Manager/Core Director responsible for organization, training, and running of Laboratory.', 'Lab Manager', 'Laboratory Manager', 'ACTIVE', 0, 100008, NULL, NULL);
INSERT INTO role (id, createdby, datecreated, datemodified, modifiedby, description, displayname, name, status, type, person_fk, organization_fk, laboratory_fk) VALUES (100015, 'superuser1', '2010-08-20 02:13:16.728', NULL, NULL, 'An agency that promotes or exchanges goods or services for money.', 'Vendor', 'Vendor', 'ACTIVE', 1, NULL, NULL, NULL);
INSERT INTO role (id, createdby, datecreated, datemodified, modifiedby, description, displayname, name, status, type, person_fk, organization_fk, laboratory_fk) VALUES (100031, 'superuser1', '2010-08-20 03:20:52.096', NULL, NULL, 'Individual with a doctoral degree who designs and performs experiments.', 'PostDoc', 'Post Doctoral Student', 'ACTIVE', 0, 100007, NULL, NULL);
INSERT INTO role (id, createdby, datecreated, datemodified, modifiedby, description, displayname, name, status, type, person_fk, organization_fk, laboratory_fk) VALUES (100154, 'superuser1', '2010-08-23 14:52:53.851', NULL, NULL, 'An organization engaged in research.', 'Research Organization', 'Research Organization', 'ACTIVE', 1, NULL, NULL, NULL);
INSERT INTO role (id, createdby, datecreated, datemodified, modifiedby, description, displayname, name, status, type, person_fk, organization_fk, laboratory_fk) VALUES (100027, 'superuser1', '2010-08-20 03:07:28.222', NULL, NULL, 'Lab Manager/Core Director responsible for organization, training, and running of Laboratory.', 'CF Director', 'Core Facility Director', 'ACTIVE', 0, 100004, NULL, NULL);
INSERT INTO role (id, createdby, datecreated, datemodified, modifiedby, description, displayname, name, status, type, person_fk, organization_fk, laboratory_fk) VALUES (100024, 'superuser1', '2010-08-20 03:01:21.531', NULL, NULL, 'The scientist or scholar with primary responsibility for the design/conduct of a research project.', 'PI', 'Principal Investigator', 'ACTIVE', 0, NULL, NULL, NULL);
INSERT INTO role (id, createdby, datecreated, datemodified, modifiedby, description, displayname, name, status, type, person_fk, organization_fk, laboratory_fk) VALUES (100018, 'superuser1', '2010-08-20 02:27:16.121', NULL, NULL, 'An entity that provides services and/or products for biomedical research on a fee for service basis.', 'Core Facility', 'Core Facility', 'ACTIVE', 3, NULL, NULL, 199641);
INSERT INTO role (id, createdby, datecreated, datemodified, modifiedby, description, displayname, name, status, type, person_fk, organization_fk, laboratory_fk) VALUES (100014, 'superuser1', '2010-08-20 02:11:26.509', '2010-08-20 02:16:18.011', 'superuser1', 'An organization that underwrites financial support for projects of a particular type.', 'Funder', 'Funding Organization', 'ACTIVE', 1, NULL, 100223, NULL);
INSERT INTO role (id, createdby, datecreated, datemodified, modifiedby, description, displayname, name, status, type, person_fk, organization_fk, laboratory_fk) VALUES (100181, 'labmanager1', '2010-08-23 17:45:01.389', NULL, NULL, 'Laboratory that performs wet lab experiments.', 'Basic Research', 'Basic Research', 'ACTIVE', 3, NULL, NULL, 100180);
INSERT INTO role (id, createdby, datecreated, datemodified, modifiedby, description, displayname, name, status, type, person_fk, organization_fk, laboratory_fk) VALUES (100179, 'labmanager1', '2010-08-23 17:41:55.691', NULL, NULL, 'Design and execution of algorithms to acertain data quality.', 'Data QC', 'Data Quality Control', 'ACTIVE', 3, NULL, NULL, 100180);

INSERT INTO contract (id, createdby, datecreated, datemodified, modifiedby, description, displayname, name, status) VALUES (199600, 'superuser1', '2010-11-04 18:31:05.349', NULL, NULL, 'This is an example of a Material Transfer Agreement.', 'MTA-Demo1', 'MTA-Demo1', 'DEFAULT');
INSERT INTO contract (id, createdby, datecreated, datemodified, modifiedby, description, displayname, name, status) VALUES (199602, 'superuser1', '2010-11-04 18:46:49.155', NULL, NULL, 'This is an example of a service contract for an instrument or other piece of equipment.', 'ServiceContract1', 'ServiceContract1', 'DEFAULT');

INSERT INTO account (id, createdby, datecreated, datemodified, modifiedby, description, displayname, name, enddate, startdate, status, laboratory_fk, organization_fk, type_fk) VALUES (100132, 'superuser1', '2010-08-20 19:52:36.835', NULL, NULL, 'Demo Account 1.', 'Account1', 'Account1', '2010-08-20 19:52:36.835', '2010-08-20 19:52:36.835', 'ACTIVE', 100131, 100001, 100087);
INSERT INTO account (id, createdby, datecreated, datemodified, modifiedby, description, displayname, name, enddate, startdate, status, laboratory_fk, organization_fk, type_fk) VALUES (100201, 'superuser1', '2010-08-23 23:22:57.286', NULL, NULL, 'Account for University 1 available for Orders for Test Lab1 Core Facility.', 'Univ1Acct1', 'University1 Account1', '2010-08-23 23:22:57.286', '2010-08-23 23:22:57.286', 'ACTIVE', 100183, 100163, 100087);
INSERT INTO account (id, createdby, datecreated, datemodified, modifiedby, description, displayname, name, enddate, startdate, status, laboratory_fk, organization_fk, type_fk) VALUES (100204, 'superuser1', '2010-08-23 23:44:53.7', NULL, NULL, 'Account for Demo Univ2 for Customer Service by Test Org1.', 'Demo Univ2 Acct1', 'Demo University 2 Account 1', '2010-08-23 23:44:53.7', '2010-08-23 23:44:53.7', 'ACTIVE', 100178, 100165, 100087);

INSERT INTO accountnumber (id, createdby, datecreated, datemodified, modifiedby, description, displayname, name, enddate, startdate, status, value, account_fk, type_fk) VALUES (100133, 'superuser1', '2010-08-20 19:55:10.774', NULL, NULL, 'Credit Card Account # for Lab One', 'Lab1CC1', 'Lab OneCredit Card1', '2011-08-31 00:00:00', '2010-08-20 00:00:00', 'DEFAULT', 1111222233334444, 100132, 100091);
INSERT INTO accountnumber (id, createdby, datecreated, datemodified, modifiedby, description, displayname, name, enddate, startdate, status, value, account_fk, type_fk) VALUES (100134, 'superuser1', '2010-08-20 19:56:59.809', NULL, NULL, 'Another credit card account number for Lab One', 'Lab1CC2', 'Lab One Credit Card 2', '2011-08-01 00:00:00', '2010-08-02 00:00:00', 'DEFAULT', 2222333344445555, 100132, 100091);

INSERT INTO labsupply (id, createdby, datecreated, datemodified, modifiedby, description, displayname, name, expirationdate, status, container_fk, type_fk) VALUES (100554, 'superuser1', '2010-10-21 22:10:43.812', NULL, NULL, 'Gloves, latex-free, medium size', 'Gloves, latex-free, medium', 'Gloves, latex-free, medium', NULL, 'DEFAULT', NULL, 100547);
INSERT INTO labsupply (id, createdby, datecreated, datemodified, modifiedby, description, displayname, name, expirationdate, status, container_fk, type_fk) VALUES (100555, 'superuser1', '2010-10-21 22:11:51.854', '2010-10-21 22:13:22.801', 'superuser1', 'Affymetrix U133A', 'Affymetrix U133A', 'Affymetrix U133A', '2010-10-21 22:13:22.801', 'DEFAULT', NULL, 100550);
INSERT INTO labsupply (id, createdby, datecreated, datemodified, modifiedby, description, displayname, name, expirationdate, status, container_fk, type_fk) VALUES (100556, 'superuser1', '2010-10-21 22:12:37.374', '2010-10-21 22:13:52.401', 'superuser1', 'Affymetrix U133B', 'Affymetrix U133B', 'Affymetrix U133B', '2010-10-21 22:13:52.401', 'DEFAULT', NULL, 100550);
INSERT INTO labsupply (id, createdby, datecreated, datemodified, modifiedby, description, displayname, name, expirationdate, status, container_fk, type_fk) VALUES (199654, 'labmanager1', '2010-11-08 19:53:03.254', '2010-11-08 20:22:07.39', 'labmanager1', 'A demo instance of an Agilent kit used in Small RNA analysis using Bioanalyzer.', 'kit_Agilent_SmallRNA_K0001', 'kit_Agilent_SmallRNA_K0001', '2010-11-08 20:22:07.39', 'DEFAULT', NULL, 199653);

INSERT INTO collaboration (id, createdby, datecreated, datemodified, modifiedby, description, displayname, name, status, role_fk, type_fk) VALUES (100189, 'superuser1', '2010-08-23 18:52:14.587', NULL, NULL, '', 'Test Collaboration', 'Test Collaboration', 'ACTIVE', NULL, 100136);

INSERT INTO collaboration_laboratory (collaboration_id, laboratory_id) VALUES (100189, 100180);
INSERT INTO collaboration_laboratory (collaboration_id, laboratory_id) VALUES (100189, 100182);
INSERT INTO collaboration_laboratory (collaboration_id, laboratory_id) VALUES (100189, 100183);
INSERT INTO collaboration_laboratory (collaboration_id, laboratory_id) VALUES (100189, 100178);

INSERT INTO collaboration_person (collaboration_id, person_id) VALUES (100189, 100008);
INSERT INTO collaboration_person (collaboration_id, person_id) VALUES (100189, 100009);
INSERT INTO collaboration_person (collaboration_id, person_id) VALUES (100189, 100003);
INSERT INTO collaboration_person (collaboration_id, person_id) VALUES (100189, 100004);

INSERT INTO contactinformation (id, createdby, datecreated, datemodified, modifiedby, description, displayname, name, uri, emailaddress, rank, status, collaboration_fk, laboratory_fk, location_fk, organization_fk, person_fk, type_fk) VALUES (100139, 'superuser1', '2010-08-21 18:04:32.184', NULL, NULL, '', 'Test Org Contact Info', 'Test Org Contact Info', '', 'test1@test1test1.com', 1, 'ACTIVE', NULL, NULL, NULL, 100001, NULL, 100040);
INSERT INTO contactinformation (id, createdby, datecreated, datemodified, modifiedby, description, displayname, name, uri, emailaddress, rank, status, collaboration_fk, laboratory_fk, location_fk, organization_fk, person_fk, type_fk) VALUES (100148, 'superuser1', '2010-08-21 19:32:17.467', NULL, NULL, '', 'test contact1', 'Test contact1', '', 'asfd@asdfasf.com', 1, 'ACTIVE', NULL, NULL, NULL, NULL, 100003, 100040);
INSERT INTO contactinformation (id, createdby, datecreated, datemodified, modifiedby, description, displayname, name, uri, emailaddress, rank, status, collaboration_fk, laboratory_fk, location_fk, organization_fk, person_fk, type_fk) VALUES (100168, 'labmanager1', '2010-08-23 16:46:28.985', NULL, NULL, 'Contact information for NIH', 'NIH Contact1', 'NIH Contact Information1', 'http://www.nih.gov/index.html', 'NIHinfo@od.nih.gov', 1, 'CURRENT', NULL, NULL, NULL, 100160, NULL, 100041);
INSERT INTO contactinformation (id, createdby, datecreated, datemodified, modifiedby, description, displayname, name, uri, emailaddress, rank, status, collaboration_fk, laboratory_fk, location_fk, organization_fk, person_fk, type_fk) VALUES (100171, 'labmanager1', '2010-08-23 16:55:16.827', NULL, NULL, 'Contact information for NCI.', 'NCI Main Contact Information', 'NCI Main Contact Information', 'http://www.cancer.gov/', 'cancergovstaff@mail.nih.gov', 1, 'ACTIVE', NULL, NULL, NULL, 100161, NULL, 100041);
INSERT INTO contactinformation (id, createdby, datecreated, datemodified, modifiedby, description, displayname, name, uri, emailaddress, rank, status, collaboration_fk, laboratory_fk, location_fk, organization_fk, person_fk, type_fk) VALUES (100184, 'superuser1', '2010-08-23 18:19:44.333', NULL, NULL, '', 'customer1 lab contact', 'Customer Lab contact', '', 'customer1@customerorg1.xyz', 1, 'ACTIVE', NULL, NULL, NULL, NULL, 100008, 100038);
INSERT INTO contactinformation (id, createdby, datecreated, datemodified, modifiedby, description, displayname, name, uri, emailaddress, rank, status, collaboration_fk, laboratory_fk, location_fk, organization_fk, person_fk, type_fk) VALUES (309527, 'superuser1', '2011-01-18 20:56:41.445', NULL, NULL, 'Daoud Meerzaman is the Technical Lab Manager for LPG.', 'Daoud Meerzaman', 'Daoud Meerzaman', '', 'meerzamd@mail.nih.gov', 1, 'ACTIVE', NULL, NULL, NULL, 100175, NULL, 100038);

INSERT INTO containertype_layout (layout_id, containertype_id) VALUES (100504, 9075);
INSERT INTO containertype_layout (layout_id, containertype_id) VALUES (100507, 9076);
INSERT INTO containertype_layout (layout_id, containertype_id) VALUES (100508, 9074);
INSERT INTO containertype_layout (layout_id, containertype_id) VALUES (100506, 9120);
INSERT INTO containertype_layout (layout_id, containertype_id) VALUES (100502, 9113);
INSERT INTO containertype_layout (layout_id, containertype_id) VALUES (100502, 9167);
INSERT INTO containertype_layout (layout_id, containertype_id) VALUES (100504, 9082);
INSERT INTO containertype_layout (layout_id, containertype_id) VALUES (100509, 9080);
INSERT INTO containertype_layout (layout_id, containertype_id) VALUES (100507, 9073);
INSERT INTO containertype_layout (layout_id, containertype_id) VALUES (100502, 199580);
INSERT INTO containertype_layout (layout_id, containertype_id) VALUES (100502, 199581);
INSERT INTO containertype_layout (layout_id, containertype_id) VALUES (100511, 634);
INSERT INTO containertype_layout (layout_id, containertype_id) VALUES (100511, 9097);
INSERT INTO containertype_layout (layout_id, containertype_id) VALUES (100502, 635);
INSERT INTO containertype_layout (layout_id, containertype_id) VALUES (100513, 9114);
INSERT INTO containertype_layout (layout_id, containertype_id) VALUES (100502, 636);
INSERT INTO containertype_layout (layout_id, containertype_id) VALUES (100516, 9116);
INSERT INTO containertype_layout (layout_id, containertype_id) VALUES (100502, 637);
INSERT INTO containertype_layout (layout_id, containertype_id) VALUES (100501, 9117);
INSERT INTO containertype_layout (layout_id, containertype_id) VALUES (100502, 9133);
INSERT INTO containertype_layout (layout_id, containertype_id) VALUES (100502, 199647);
INSERT INTO containertype_layout (layout_id, containertype_id) VALUES (100512, 9130);
INSERT INTO containertype_layout (layout_id, containertype_id) VALUES (199576, 199572);
INSERT INTO containertype_layout (layout_id, containertype_id) VALUES (100502, 9092);
INSERT INTO containertype_layout (layout_id, containertype_id) VALUES (100502, 199513);
INSERT INTO containertype_layout (layout_id, containertype_id) VALUES (100502, 199515);
INSERT INTO containertype_layout (layout_id, containertype_id) VALUES (100502, 9168);
INSERT INTO containertype_layout (layout_id, containertype_id) VALUES (100502, 9083);
INSERT INTO containertype_layout (layout_id, containertype_id) VALUES (100502, 9068);
INSERT INTO containertype_layout (layout_id, containertype_id) VALUES (100502, 9136);
INSERT INTO containertype_layout (layout_id, containertype_id) VALUES (100502, 9079);
INSERT INTO containertype_layout (layout_id, containertype_id) VALUES (100502, 9128);
INSERT INTO containertype_layout (layout_id, containertype_id) VALUES (100502, 9085);
INSERT INTO containertype_layout (layout_id, containertype_id) VALUES (100502, 9166);
INSERT INTO containertype_layout (layout_id, containertype_id) VALUES (100502, 9096);
INSERT INTO containertype_layout (layout_id, containertype_id) VALUES (100502, 9127);
INSERT INTO containertype_layout (layout_id, containertype_id) VALUES (100502, 9090);
INSERT INTO containertype_layout (layout_id, containertype_id) VALUES (100502, 199652);
INSERT INTO containertype_layout (layout_id, containertype_id) VALUES (100502, 9091);
INSERT INTO containertype_layout (layout_id, containertype_id) VALUES (100502, 199650);
INSERT INTO containertype_layout (layout_id, containertype_id) VALUES (100502, 9139);
INSERT INTO containertype_layout (layout_id, containertype_id) VALUES (100502, 9161);
INSERT INTO containertype_layout (layout_id, containertype_id) VALUES (100502, 199649);
INSERT INTO containertype_layout (layout_id, containertype_id) VALUES (100502, 9065);
INSERT INTO containertype_layout (layout_id, containertype_id) VALUES (100502, 9151);
INSERT INTO containertype_layout (layout_id, containertype_id) VALUES (100502, 9150);
INSERT INTO containertype_layout (layout_id, containertype_id) VALUES (100502, 9147);
INSERT INTO containertype_layout (layout_id, containertype_id) VALUES (100502, 9135);
INSERT INTO containertype_layout (layout_id, containertype_id) VALUES (100502, 9093);
INSERT INTO containertype_layout (layout_id, containertype_id) VALUES (100502, 9170);
INSERT INTO containertype_layout (layout_id, containertype_id) VALUES (100502, 9146);
INSERT INTO containertype_layout (layout_id, containertype_id) VALUES (100501, 9106);
INSERT INTO containertype_layout (layout_id, containertype_id) VALUES (100503, 9101);
INSERT INTO containertype_layout (layout_id, containertype_id) VALUES (100506, 9115);
INSERT INTO containertype_layout (layout_id, containertype_id) VALUES (100503, 9102);
INSERT INTO containertype_layout (layout_id, containertype_id) VALUES (100503, 9105);
INSERT INTO containertype_layout (layout_id, containertype_id) VALUES (100503, 9103);
INSERT INTO containertype_layout (layout_id, containertype_id) VALUES (100503, 9104);
INSERT INTO containertype_layout (layout_id, containertype_id) VALUES (100503, 9099);
INSERT INTO containertype_layout (layout_id, containertype_id) VALUES (100501, 9109);
INSERT INTO containertype_layout (layout_id, containertype_id) VALUES (100501, 9110);
INSERT INTO containertype_layout (layout_id, containertype_id) VALUES (100503, 9112);
INSERT INTO containertype_layout (layout_id, containertype_id) VALUES (100501, 9111);
INSERT INTO containertype_layout (layout_id, containertype_id) VALUES (100501, 9107);
INSERT INTO containertype_layout (layout_id, containertype_id) VALUES (100506, 9119);
INSERT INTO containertype_layout (layout_id, containertype_id) VALUES (100502, 9);
INSERT INTO containertype_layout (layout_id, containertype_id) VALUES (100502, 10);
INSERT INTO containertype_layout (layout_id, containertype_id) VALUES (100503, 9098);
INSERT INTO containertype_layout (layout_id, containertype_id) VALUES (100503, 9100);
INSERT INTO containertype_layout (layout_id, containertype_id) VALUES (100502, 11);
INSERT INTO containertype_layout (layout_id, containertype_id) VALUES (100501, 9108);
INSERT INTO containertype_layout (layout_id, containertype_id) VALUES (100508, 9072);
INSERT INTO containertype_layout (layout_id, containertype_id) VALUES (100508, 12);
INSERT INTO containertype_layout (layout_id, containertype_id) VALUES (100502, 9165);
INSERT INTO containertype_layout (layout_id, containertype_id) VALUES (100506, 9118);
INSERT INTO containertype_layout (layout_id, containertype_id) VALUES (100510, 9121);
INSERT INTO containertype_layout (layout_id, containertype_id) VALUES (100501, 9122);
INSERT INTO containertype_layout (layout_id, containertype_id) VALUES (100506, 9124);
INSERT INTO containertype_layout (layout_id, containertype_id) VALUES (100506, 9123);
INSERT INTO containertype_layout (layout_id, containertype_id) VALUES (100514, 9125);
INSERT INTO containertype_layout (layout_id, containertype_id) VALUES (100510, 9126);
INSERT INTO containertype_layout (layout_id, containertype_id) VALUES (100502, 199570);
INSERT INTO containertype_layout (layout_id, containertype_id) VALUES (100502, 199569);
INSERT INTO containertype_layout (layout_id, containertype_id) VALUES (100502, 199568);
INSERT INTO containertype_layout (layout_id, containertype_id) VALUES (100509, 9159);
INSERT INTO containertype_layout (layout_id, containertype_id) VALUES (100515, 9160);
INSERT INTO containertype_layout (layout_id, containertype_id) VALUES (100509, 199518);
INSERT INTO containertype_layout (layout_id, containertype_id) VALUES (100502, 9155);

INSERT INTO laboratory_organization (laboratory_id, organization_id) VALUES (100182, 100175);
INSERT INTO laboratory_organization (laboratory_id, organization_id) VALUES (100178, 100165);
INSERT INTO laboratory_organization (laboratory_id, organization_id) VALUES (100131, 100001);
INSERT INTO laboratory_organization (laboratory_id, organization_id) VALUES (10000, 100173);
INSERT INTO laboratory_organization (laboratory_id, organization_id) VALUES (100183, 100163);
INSERT INTO laboratory_organization (laboratory_id, organization_id) VALUES (199641, 100163);
INSERT INTO laboratory_organization (laboratory_id, organization_id) VALUES (100180, 100175);



INSERT INTO laboratory_person (laboratory_id, person_id) VALUES (100182, 100004);
INSERT INTO laboratory_person (laboratory_id, person_id) VALUES (100178, 100004);
INSERT INTO laboratory_person (laboratory_id, person_id) VALUES (100131, 100004);
INSERT INTO laboratory_person (laboratory_id, person_id) VALUES (10000, 100004);
INSERT INTO laboratory_person (laboratory_id, person_id) VALUES (100183, 100004);
INSERT INTO laboratory_person (laboratory_id, person_id) VALUES (199641, 100004);
INSERT INTO laboratory_person (laboratory_id, person_id) VALUES (100180, 100004);

INSERT INTO labsupply_organization (labsupply_id, organization_id) VALUES (100554, 100163);
INSERT INTO labsupply_organization (labsupply_id, organization_id) VALUES (199654, 100163);
INSERT INTO labsupply_organization (labsupply_id, organization_id) VALUES (100555, 100163);
INSERT INTO labsupply_organization (labsupply_id, organization_id) VALUES (100556, 100163);

INSERT INTO person_organization (person_id, organization_id) VALUES (100004, 100001);
INSERT INTO person_organization (person_id, organization_id) VALUES (100006, 100163);
INSERT INTO person_organization (person_id, organization_id) VALUES (100007, 100001);
INSERT INTO person_organization (person_id, organization_id) VALUES (100003, 100001);
INSERT INTO person_organization (person_id, organization_id) VALUES (100009, 100165);
INSERT INTO person_organization (person_id, organization_id) VALUES (100008, 100001);


INSERT INTO postaladdress (id, createdby, datecreated, datemodified, modifiedby, description, displayname, name, addressstreetpostdirectionalt, addressstreetpredirectionalty, city, country, county, firstaddressline, mailstopcode, postofficeboxnumber, postalcode, secondaddressline, state, status, contactinformation_fk, type_fk) VALUES (100141, 'superuser1', '2010-08-21 18:10:43.573', NULL, NULL, '', 'postal address', 'Test Org postal address', '', '', 'Rockville', '', '', '11 oneone street', '', '', '20850', '', 'MS', 'DEFAULT', 100139, 100044);
INSERT INTO postaladdress (id, createdby, datecreated, datemodified, modifiedby, description, displayname, name, addressstreetpostdirectionalt, addressstreetpredirectionalty, city, country, county, firstaddressline, mailstopcode, postofficeboxnumber, postalcode, secondaddressline, state, status, contactinformation_fk, type_fk) VALUES (100150, 'superuser1', '2010-08-21 19:35:01.831', NULL, NULL, '', 'postal1', 'test postal 1', '', '', 'Rockville', 'US', '', '11 one st', '', '', '20850', '', 'MD', 'DEFAULT', 100148, 100044);
INSERT INTO postaladdress (id, createdby, datecreated, datemodified, modifiedby, description, displayname, name, addressstreetpostdirectionalt, addressstreetpredirectionalty, city, country, county, firstaddressline, mailstopcode, postofficeboxnumber, postalcode, secondaddressline, state, status, contactinformation_fk, type_fk) VALUES (100169, 'labmanager1', '2010-08-23 16:48:58.414', NULL, NULL, 'The main postal address for NIH>', 'NIH Main Address', 'NIH Main Postal Address', '', '', 'Bethesda', 'USA', '', '9000 Rockville Lane', '', '', '20892', '', 'MD', 'DEFAULT', 100168, 100044);
INSERT INTO postaladdress (id, createdby, datecreated, datemodified, modifiedby, description, displayname, name, addressstreetpostdirectionalt, addressstreetpredirectionalty, city, country, county, firstaddressline, mailstopcode, postofficeboxnumber, postalcode, secondaddressline, state, status, contactinformation_fk, type_fk) VALUES (100172, 'labmanager1', '2010-08-23 16:59:03.925', NULL, NULL, 'The main US postal address for NCI.', 'NCI Main Postal Address', 'NCI Main Postal Address', '', '', 'Bethesda', 'USA', '', '6116 Executive Boulevard', '', '', '20892-8322', 'NCI Office of Communications and Education, Suite 300', 'MD', 'DEFAULT', 100171, 100044);
INSERT INTO postaladdress (id, createdby, datecreated, datemodified, modifiedby, description, displayname, name, addressstreetpostdirectionalt, addressstreetpredirectionalty, city, country, county, firstaddressline, mailstopcode, postofficeboxnumber, postalcode, secondaddressline, state, status, contactinformation_fk, type_fk) VALUES (100186, 'superuser1', '2010-08-23 18:22:38.786', '2010-09-12 20:43:50.419', 'superuser1', '', 'PO Box 123', 'Official mail box', '', '', 'Rockville', '', '', '123 Fourth St', '', 'PO BOX 123', '20854', '', 'MD', 'DEFAULT', 100184, 100044);
INSERT INTO postaladdress (id, createdby, datecreated, datemodified, modifiedby, description, displayname, name, addressstreetpostdirectionalt, addressstreetpredirectionalty, city, country, county, firstaddressline, mailstopcode, postofficeboxnumber, postalcode, secondaddressline, state, status, contactinformation_fk, type_fk) VALUES (309530, 'superuser1', '2011-01-18 21:04:09.036', NULL, NULL, 'WorkAddress-DM', 'WorkAddress-DM', 'WorkAddress-DM', '', '', 'Bethesda', 'USA', 'Montgomery', '41 Center Dr.', '5060', '', '20892', 'D701', 'MD', 'DEFAULT', 309527, 100044);



INSERT INTO telephonenumber (id, createdby, datecreated, datemodified, modifiedby, description, displayname, name, rank, status, telephonenumberextension, value, contactinformation_fk, type_fk) VALUES (100140, 'superuser1', '2010-08-21 18:06:29.67', NULL, NULL, '', 'Desk Number', 'Org contact Desk number', '1', 'DEFAULT', '2211', '1212213333', 100139, 100047);
INSERT INTO telephonenumber (id, createdby, datecreated, datemodified, modifiedby, description, displayname, name, rank, status, telephonenumberextension, value, contactinformation_fk, type_fk) VALUES (100149, 'superuser1', '2010-08-21 19:33:46.048', NULL, NULL, '', 'desk #', 'test desk number', '1', 'DEFAULT', '', '11111111', 100148, 100047);
INSERT INTO telephonenumber (id, createdby, datecreated, datemodified, modifiedby, description, displayname, name, rank, status, telephonenumberextension, value, contactinformation_fk, type_fk) VALUES (100170, 'labmanager1', '2010-08-23 16:50:28.197', NULL, NULL, 'The main phone number for NIH', 'NIH Main Phone Number', 'NIH Main Phone Number', '1', 'DEFAULT', '', '3014964000', 100168, 100047);
INSERT INTO telephonenumber (id, createdby, datecreated, datemodified, modifiedby, description, displayname, name, rank, status, telephonenumberextension, value, contactinformation_fk, type_fk) VALUES (100185, 'superuser1', '2010-08-23 18:20:39.984', NULL, NULL, '', 'desk number', 'Official desk number', '1', 'DEFAULT', '', '2402343344', 100184, 100047);
INSERT INTO telephonenumber (id, createdby, datecreated, datemodified, modifiedby, description, displayname, name, rank, status, telephonenumberextension, value, contactinformation_fk, type_fk) VALUES (309528, 'superuser1', '2011-01-18 20:58:22.152', NULL, NULL, 'Work Phone number', 'WorkPhone', 'WorkPhone', '1', 'DEFAULT', '', '301-111-1111', 309527, 100047);
INSERT INTO telephonenumber (id, createdby, datecreated, datemodified, modifiedby, description, displayname, name, rank, status, telephonenumberextension, value, contactinformation_fk, type_fk) VALUES (309529, 'superuser1', '2011-01-18 20:59:13.48', NULL, NULL, 'CellPhone number', 'CellPhone', 'CellPhone', '2', 'DEFAULT', '', '301-222-2222', 309527, 100048);

INSERT INTO coordinate_fillpattern (id_coordinate_fillpattern, x, y, list_index) VALUES (100517, 0, 0, 0);
INSERT INTO coordinate_fillpattern (id_coordinate_fillpattern, x, y, list_index) VALUES (100517, 0, 1, 1);
INSERT INTO coordinate_fillpattern (id_coordinate_fillpattern, x, y, list_index) VALUES (100517, 0, 2, 2);
INSERT INTO coordinate_fillpattern (id_coordinate_fillpattern, x, y, list_index) VALUES (100517, 0, 3, 3);
INSERT INTO coordinate_fillpattern (id_coordinate_fillpattern, x, y, list_index) VALUES (100517, 0, 4, 4);
INSERT INTO coordinate_fillpattern (id_coordinate_fillpattern, x, y, list_index) VALUES (100517, 0, 5, 5);
INSERT INTO coordinate_fillpattern (id_coordinate_fillpattern, x, y, list_index) VALUES (100517, 0, 6, 6);
INSERT INTO coordinate_fillpattern (id_coordinate_fillpattern, x, y, list_index) VALUES (100517, 0, 7, 7);
INSERT INTO coordinate_fillpattern (id_coordinate_fillpattern, x, y, list_index) VALUES (100517, 1, 0, 8);
INSERT INTO coordinate_fillpattern (id_coordinate_fillpattern, x, y, list_index) VALUES (100517, 1, 1, 9);
INSERT INTO coordinate_fillpattern (id_coordinate_fillpattern, x, y, list_index) VALUES (100517, 1, 2, 10);
INSERT INTO coordinate_fillpattern (id_coordinate_fillpattern, x, y, list_index) VALUES (100517, 1, 3, 11);
INSERT INTO coordinate_fillpattern (id_coordinate_fillpattern, x, y, list_index) VALUES (100517, 1, 4, 12);
INSERT INTO coordinate_fillpattern (id_coordinate_fillpattern, x, y, list_index) VALUES (100517, 1, 5, 13);
INSERT INTO coordinate_fillpattern (id_coordinate_fillpattern, x, y, list_index) VALUES (100517, 1, 6, 14);
INSERT INTO coordinate_fillpattern (id_coordinate_fillpattern, x, y, list_index) VALUES (100517, 1, 7, 15);
INSERT INTO coordinate_fillpattern (id_coordinate_fillpattern, x, y, list_index) VALUES (100517, 2, 0, 16);
INSERT INTO coordinate_fillpattern (id_coordinate_fillpattern, x, y, list_index) VALUES (100517, 2, 1, 17);
INSERT INTO coordinate_fillpattern (id_coordinate_fillpattern, x, y, list_index) VALUES (100517, 2, 2, 18);
INSERT INTO coordinate_fillpattern (id_coordinate_fillpattern, x, y, list_index) VALUES (100517, 2, 3, 19);
INSERT INTO coordinate_fillpattern (id_coordinate_fillpattern, x, y, list_index) VALUES (100517, 2, 4, 20);
INSERT INTO coordinate_fillpattern (id_coordinate_fillpattern, x, y, list_index) VALUES (100517, 2, 5, 21);
INSERT INTO coordinate_fillpattern (id_coordinate_fillpattern, x, y, list_index) VALUES (100517, 2, 6, 22);
INSERT INTO coordinate_fillpattern (id_coordinate_fillpattern, x, y, list_index) VALUES (100517, 2, 7, 23);
INSERT INTO coordinate_fillpattern (id_coordinate_fillpattern, x, y, list_index) VALUES (100517, 3, 0, 24);
INSERT INTO coordinate_fillpattern (id_coordinate_fillpattern, x, y, list_index) VALUES (100517, 3, 1, 25);
INSERT INTO coordinate_fillpattern (id_coordinate_fillpattern, x, y, list_index) VALUES (100517, 3, 2, 26);
INSERT INTO coordinate_fillpattern (id_coordinate_fillpattern, x, y, list_index) VALUES (100517, 3, 3, 27);
INSERT INTO coordinate_fillpattern (id_coordinate_fillpattern, x, y, list_index) VALUES (100517, 3, 4, 28);
INSERT INTO coordinate_fillpattern (id_coordinate_fillpattern, x, y, list_index) VALUES (100517, 3, 5, 29);
INSERT INTO coordinate_fillpattern (id_coordinate_fillpattern, x, y, list_index) VALUES (100517, 3, 6, 30);
INSERT INTO coordinate_fillpattern (id_coordinate_fillpattern, x, y, list_index) VALUES (100517, 3, 7, 31);
INSERT INTO coordinate_fillpattern (id_coordinate_fillpattern, x, y, list_index) VALUES (100517, 4, 0, 32);
INSERT INTO coordinate_fillpattern (id_coordinate_fillpattern, x, y, list_index) VALUES (100517, 4, 1, 33);
INSERT INTO coordinate_fillpattern (id_coordinate_fillpattern, x, y, list_index) VALUES (100517, 4, 2, 34);
INSERT INTO coordinate_fillpattern (id_coordinate_fillpattern, x, y, list_index) VALUES (100517, 4, 3, 35);
INSERT INTO coordinate_fillpattern (id_coordinate_fillpattern, x, y, list_index) VALUES (100517, 4, 4, 36);
INSERT INTO coordinate_fillpattern (id_coordinate_fillpattern, x, y, list_index) VALUES (100517, 4, 5, 37);
INSERT INTO coordinate_fillpattern (id_coordinate_fillpattern, x, y, list_index) VALUES (100517, 4, 6, 38);
INSERT INTO coordinate_fillpattern (id_coordinate_fillpattern, x, y, list_index) VALUES (100517, 4, 7, 39);
INSERT INTO coordinate_fillpattern (id_coordinate_fillpattern, x, y, list_index) VALUES (100517, 5, 0, 40);
INSERT INTO coordinate_fillpattern (id_coordinate_fillpattern, x, y, list_index) VALUES (100517, 5, 1, 41);
INSERT INTO coordinate_fillpattern (id_coordinate_fillpattern, x, y, list_index) VALUES (100517, 5, 2, 42);
INSERT INTO coordinate_fillpattern (id_coordinate_fillpattern, x, y, list_index) VALUES (100517, 5, 3, 43);
INSERT INTO coordinate_fillpattern (id_coordinate_fillpattern, x, y, list_index) VALUES (100517, 5, 4, 44);
INSERT INTO coordinate_fillpattern (id_coordinate_fillpattern, x, y, list_index) VALUES (100517, 5, 5, 45);
INSERT INTO coordinate_fillpattern (id_coordinate_fillpattern, x, y, list_index) VALUES (100517, 5, 6, 46);
INSERT INTO coordinate_fillpattern (id_coordinate_fillpattern, x, y, list_index) VALUES (100517, 5, 7, 47);
INSERT INTO coordinate_fillpattern (id_coordinate_fillpattern, x, y, list_index) VALUES (100517, 6, 0, 48);
INSERT INTO coordinate_fillpattern (id_coordinate_fillpattern, x, y, list_index) VALUES (100517, 6, 1, 49);
INSERT INTO coordinate_fillpattern (id_coordinate_fillpattern, x, y, list_index) VALUES (100517, 6, 2, 50);
INSERT INTO coordinate_fillpattern (id_coordinate_fillpattern, x, y, list_index) VALUES (100517, 6, 3, 51);
INSERT INTO coordinate_fillpattern (id_coordinate_fillpattern, x, y, list_index) VALUES (100517, 6, 4, 52);
INSERT INTO coordinate_fillpattern (id_coordinate_fillpattern, x, y, list_index) VALUES (100517, 6, 5, 53);
INSERT INTO coordinate_fillpattern (id_coordinate_fillpattern, x, y, list_index) VALUES (100517, 6, 6, 54);
INSERT INTO coordinate_fillpattern (id_coordinate_fillpattern, x, y, list_index) VALUES (100517, 6, 7, 55);
INSERT INTO coordinate_fillpattern (id_coordinate_fillpattern, x, y, list_index) VALUES (100517, 7, 0, 56);
INSERT INTO coordinate_fillpattern (id_coordinate_fillpattern, x, y, list_index) VALUES (100517, 7, 1, 57);
INSERT INTO coordinate_fillpattern (id_coordinate_fillpattern, x, y, list_index) VALUES (100517, 7, 2, 58);
INSERT INTO coordinate_fillpattern (id_coordinate_fillpattern, x, y, list_index) VALUES (100517, 7, 3, 59);
INSERT INTO coordinate_fillpattern (id_coordinate_fillpattern, x, y, list_index) VALUES (100517, 7, 4, 60);
INSERT INTO coordinate_fillpattern (id_coordinate_fillpattern, x, y, list_index) VALUES (100517, 7, 5, 61);
INSERT INTO coordinate_fillpattern (id_coordinate_fillpattern, x, y, list_index) VALUES (100517, 7, 6, 62);
INSERT INTO coordinate_fillpattern (id_coordinate_fillpattern, x, y, list_index) VALUES (100517, 7, 7, 63);
INSERT INTO coordinate_fillpattern (id_coordinate_fillpattern, x, y, list_index) VALUES (100517, 8, 0, 64);
INSERT INTO coordinate_fillpattern (id_coordinate_fillpattern, x, y, list_index) VALUES (100517, 8, 1, 65);
INSERT INTO coordinate_fillpattern (id_coordinate_fillpattern, x, y, list_index) VALUES (100517, 8, 2, 66);
INSERT INTO coordinate_fillpattern (id_coordinate_fillpattern, x, y, list_index) VALUES (100517, 8, 3, 67);
INSERT INTO coordinate_fillpattern (id_coordinate_fillpattern, x, y, list_index) VALUES (100517, 8, 4, 68);
INSERT INTO coordinate_fillpattern (id_coordinate_fillpattern, x, y, list_index) VALUES (100517, 8, 5, 69);
INSERT INTO coordinate_fillpattern (id_coordinate_fillpattern, x, y, list_index) VALUES (100517, 8, 6, 70);
INSERT INTO coordinate_fillpattern (id_coordinate_fillpattern, x, y, list_index) VALUES (100517, 8, 7, 71);
INSERT INTO coordinate_fillpattern (id_coordinate_fillpattern, x, y, list_index) VALUES (100517, 9, 0, 72);
INSERT INTO coordinate_fillpattern (id_coordinate_fillpattern, x, y, list_index) VALUES (100517, 9, 1, 73);
INSERT INTO coordinate_fillpattern (id_coordinate_fillpattern, x, y, list_index) VALUES (100517, 9, 2, 74);
INSERT INTO coordinate_fillpattern (id_coordinate_fillpattern, x, y, list_index) VALUES (100517, 9, 3, 75);
INSERT INTO coordinate_fillpattern (id_coordinate_fillpattern, x, y, list_index) VALUES (100517, 9, 4, 76);
INSERT INTO coordinate_fillpattern (id_coordinate_fillpattern, x, y, list_index) VALUES (100517, 9, 5, 77);
INSERT INTO coordinate_fillpattern (id_coordinate_fillpattern, x, y, list_index) VALUES (100517, 9, 6, 78);
INSERT INTO coordinate_fillpattern (id_coordinate_fillpattern, x, y, list_index) VALUES (100517, 9, 7, 79);
INSERT INTO coordinate_fillpattern (id_coordinate_fillpattern, x, y, list_index) VALUES (100517, 10, 0, 80);
INSERT INTO coordinate_fillpattern (id_coordinate_fillpattern, x, y, list_index) VALUES (100517, 10, 1, 81);
INSERT INTO coordinate_fillpattern (id_coordinate_fillpattern, x, y, list_index) VALUES (100517, 10, 2, 82);
INSERT INTO coordinate_fillpattern (id_coordinate_fillpattern, x, y, list_index) VALUES (100517, 10, 3, 83);
INSERT INTO coordinate_fillpattern (id_coordinate_fillpattern, x, y, list_index) VALUES (100517, 10, 4, 84);
INSERT INTO coordinate_fillpattern (id_coordinate_fillpattern, x, y, list_index) VALUES (100517, 10, 5, 85);
INSERT INTO coordinate_fillpattern (id_coordinate_fillpattern, x, y, list_index) VALUES (100517, 10, 6, 86);
INSERT INTO coordinate_fillpattern (id_coordinate_fillpattern, x, y, list_index) VALUES (100517, 10, 7, 87);
INSERT INTO coordinate_fillpattern (id_coordinate_fillpattern, x, y, list_index) VALUES (100517, 11, 0, 88);
INSERT INTO coordinate_fillpattern (id_coordinate_fillpattern, x, y, list_index) VALUES (100517, 11, 1, 89);
INSERT INTO coordinate_fillpattern (id_coordinate_fillpattern, x, y, list_index) VALUES (100517, 11, 2, 90);
INSERT INTO coordinate_fillpattern (id_coordinate_fillpattern, x, y, list_index) VALUES (100517, 11, 3, 91);
INSERT INTO coordinate_fillpattern (id_coordinate_fillpattern, x, y, list_index) VALUES (100517, 11, 4, 92);
INSERT INTO coordinate_fillpattern (id_coordinate_fillpattern, x, y, list_index) VALUES (100517, 11, 5, 93);
INSERT INTO coordinate_fillpattern (id_coordinate_fillpattern, x, y, list_index) VALUES (100517, 11, 6, 94);
INSERT INTO coordinate_fillpattern (id_coordinate_fillpattern, x, y, list_index) VALUES (100517, 11, 7, 95);
INSERT INTO coordinate_fillpattern (id_coordinate_fillpattern, x, y, list_index) VALUES (100524, 0, 0, 0);
INSERT INTO coordinate_fillpattern (id_coordinate_fillpattern, x, y, list_index) VALUES (100524, 1, 0, 1);
INSERT INTO coordinate_fillpattern (id_coordinate_fillpattern, x, y, list_index) VALUES (100524, 2, 0, 2);
INSERT INTO coordinate_fillpattern (id_coordinate_fillpattern, x, y, list_index) VALUES (100524, 3, 0, 3);
INSERT INTO coordinate_fillpattern (id_coordinate_fillpattern, x, y, list_index) VALUES (100524, 0, 1, 4);
INSERT INTO coordinate_fillpattern (id_coordinate_fillpattern, x, y, list_index) VALUES (100524, 1, 1, 5);
INSERT INTO coordinate_fillpattern (id_coordinate_fillpattern, x, y, list_index) VALUES (100524, 2, 1, 6);
INSERT INTO coordinate_fillpattern (id_coordinate_fillpattern, x, y, list_index) VALUES (100524, 3, 1, 7);
INSERT INTO coordinate_fillpattern (id_coordinate_fillpattern, x, y, list_index) VALUES (100522, 0, 0, 0);
INSERT INTO coordinate_fillpattern (id_coordinate_fillpattern, x, y, list_index) VALUES (100522, 1, 0, 1);
INSERT INTO coordinate_fillpattern (id_coordinate_fillpattern, x, y, list_index) VALUES (100522, 2, 0, 2);
INSERT INTO coordinate_fillpattern (id_coordinate_fillpattern, x, y, list_index) VALUES (100522, 3, 0, 3);
INSERT INTO coordinate_fillpattern (id_coordinate_fillpattern, x, y, list_index) VALUES (100522, 4, 0, 4);
INSERT INTO coordinate_fillpattern (id_coordinate_fillpattern, x, y, list_index) VALUES (100522, 5, 0, 5);
INSERT INTO coordinate_fillpattern (id_coordinate_fillpattern, x, y, list_index) VALUES (100522, 6, 0, 6);
INSERT INTO coordinate_fillpattern (id_coordinate_fillpattern, x, y, list_index) VALUES (100522, 7, 0, 7);
INSERT INTO coordinate_fillpattern (id_coordinate_fillpattern, x, y, list_index) VALUES (100522, 8, 0, 8);
INSERT INTO coordinate_fillpattern (id_coordinate_fillpattern, x, y, list_index) VALUES (100522, 9, 0, 9);
INSERT INTO coordinate_fillpattern (id_coordinate_fillpattern, x, y, list_index) VALUES (100522, 10, 0, 10);
INSERT INTO coordinate_fillpattern (id_coordinate_fillpattern, x, y, list_index) VALUES (100522, 11, 0, 11);
INSERT INTO coordinate_fillpattern (id_coordinate_fillpattern, x, y, list_index) VALUES (100525, 0, 0, 0);
INSERT INTO coordinate_fillpattern (id_coordinate_fillpattern, x, y, list_index) VALUES (100525, 1, 0, 1);
INSERT INTO coordinate_fillpattern (id_coordinate_fillpattern, x, y, list_index) VALUES (100525, 2, 0, 2);
INSERT INTO coordinate_fillpattern (id_coordinate_fillpattern, x, y, list_index) VALUES (100525, 3, 0, 3);
INSERT INTO coordinate_fillpattern (id_coordinate_fillpattern, x, y, list_index) VALUES (100525, 4, 0, 4);
INSERT INTO coordinate_fillpattern (id_coordinate_fillpattern, x, y, list_index) VALUES (100525, 0, 1, 5);
INSERT INTO coordinate_fillpattern (id_coordinate_fillpattern, x, y, list_index) VALUES (100518, 0, 0, 0);
INSERT INTO coordinate_fillpattern (id_coordinate_fillpattern, x, y, list_index) VALUES (100518, 1, 0, 1);
INSERT INTO coordinate_fillpattern (id_coordinate_fillpattern, x, y, list_index) VALUES (100518, 2, 0, 2);
INSERT INTO coordinate_fillpattern (id_coordinate_fillpattern, x, y, list_index) VALUES (100518, 3, 0, 3);
INSERT INTO coordinate_fillpattern (id_coordinate_fillpattern, x, y, list_index) VALUES (100518, 4, 0, 4);
INSERT INTO coordinate_fillpattern (id_coordinate_fillpattern, x, y, list_index) VALUES (100518, 5, 0, 5);
INSERT INTO coordinate_fillpattern (id_coordinate_fillpattern, x, y, list_index) VALUES (100518, 6, 0, 6);
INSERT INTO coordinate_fillpattern (id_coordinate_fillpattern, x, y, list_index) VALUES (100518, 7, 0, 7);
INSERT INTO coordinate_fillpattern (id_coordinate_fillpattern, x, y, list_index) VALUES (100518, 8, 0, 8);
INSERT INTO coordinate_fillpattern (id_coordinate_fillpattern, x, y, list_index) VALUES (100518, 9, 0, 9);
INSERT INTO coordinate_fillpattern (id_coordinate_fillpattern, x, y, list_index) VALUES (100518, 0, 1, 10);
INSERT INTO coordinate_fillpattern (id_coordinate_fillpattern, x, y, list_index) VALUES (100518, 1, 1, 11);
INSERT INTO coordinate_fillpattern (id_coordinate_fillpattern, x, y, list_index) VALUES (100518, 2, 1, 12);
INSERT INTO coordinate_fillpattern (id_coordinate_fillpattern, x, y, list_index) VALUES (100518, 3, 1, 13);
INSERT INTO coordinate_fillpattern (id_coordinate_fillpattern, x, y, list_index) VALUES (100518, 4, 1, 14);
INSERT INTO coordinate_fillpattern (id_coordinate_fillpattern, x, y, list_index) VALUES (100518, 5, 1, 15);
INSERT INTO coordinate_fillpattern (id_coordinate_fillpattern, x, y, list_index) VALUES (100518, 6, 1, 16);
INSERT INTO coordinate_fillpattern (id_coordinate_fillpattern, x, y, list_index) VALUES (100518, 7, 1, 17);
INSERT INTO coordinate_fillpattern (id_coordinate_fillpattern, x, y, list_index) VALUES (100518, 8, 1, 18);
INSERT INTO coordinate_fillpattern (id_coordinate_fillpattern, x, y, list_index) VALUES (100518, 9, 1, 19);
INSERT INTO coordinate_fillpattern (id_coordinate_fillpattern, x, y, list_index) VALUES (100518, 0, 2, 20);
INSERT INTO coordinate_fillpattern (id_coordinate_fillpattern, x, y, list_index) VALUES (100518, 1, 2, 21);
INSERT INTO coordinate_fillpattern (id_coordinate_fillpattern, x, y, list_index) VALUES (100518, 2, 2, 22);
INSERT INTO coordinate_fillpattern (id_coordinate_fillpattern, x, y, list_index) VALUES (100518, 3, 2, 23);
INSERT INTO coordinate_fillpattern (id_coordinate_fillpattern, x, y, list_index) VALUES (100518, 4, 2, 24);
INSERT INTO coordinate_fillpattern (id_coordinate_fillpattern, x, y, list_index) VALUES (100518, 5, 2, 25);
INSERT INTO coordinate_fillpattern (id_coordinate_fillpattern, x, y, list_index) VALUES (100518, 6, 2, 26);
INSERT INTO coordinate_fillpattern (id_coordinate_fillpattern, x, y, list_index) VALUES (100518, 7, 2, 27);
INSERT INTO coordinate_fillpattern (id_coordinate_fillpattern, x, y, list_index) VALUES (100518, 8, 2, 28);
INSERT INTO coordinate_fillpattern (id_coordinate_fillpattern, x, y, list_index) VALUES (100518, 9, 2, 29);
INSERT INTO coordinate_fillpattern (id_coordinate_fillpattern, x, y, list_index) VALUES (100518, 0, 3, 30);
INSERT INTO coordinate_fillpattern (id_coordinate_fillpattern, x, y, list_index) VALUES (100518, 1, 3, 31);
INSERT INTO coordinate_fillpattern (id_coordinate_fillpattern, x, y, list_index) VALUES (100518, 2, 3, 32);
INSERT INTO coordinate_fillpattern (id_coordinate_fillpattern, x, y, list_index) VALUES (100518, 3, 3, 33);
INSERT INTO coordinate_fillpattern (id_coordinate_fillpattern, x, y, list_index) VALUES (100518, 4, 3, 34);
INSERT INTO coordinate_fillpattern (id_coordinate_fillpattern, x, y, list_index) VALUES (100518, 5, 3, 35);
INSERT INTO coordinate_fillpattern (id_coordinate_fillpattern, x, y, list_index) VALUES (100518, 6, 3, 36);
INSERT INTO coordinate_fillpattern (id_coordinate_fillpattern, x, y, list_index) VALUES (100518, 7, 3, 37);
INSERT INTO coordinate_fillpattern (id_coordinate_fillpattern, x, y, list_index) VALUES (100518, 8, 3, 38);
INSERT INTO coordinate_fillpattern (id_coordinate_fillpattern, x, y, list_index) VALUES (100518, 9, 3, 39);
INSERT INTO coordinate_fillpattern (id_coordinate_fillpattern, x, y, list_index) VALUES (100518, 0, 4, 40);
INSERT INTO coordinate_fillpattern (id_coordinate_fillpattern, x, y, list_index) VALUES (100518, 1, 4, 41);
INSERT INTO coordinate_fillpattern (id_coordinate_fillpattern, x, y, list_index) VALUES (100518, 2, 4, 42);
INSERT INTO coordinate_fillpattern (id_coordinate_fillpattern, x, y, list_index) VALUES (100518, 3, 4, 43);
INSERT INTO coordinate_fillpattern (id_coordinate_fillpattern, x, y, list_index) VALUES (100518, 4, 4, 44);
INSERT INTO coordinate_fillpattern (id_coordinate_fillpattern, x, y, list_index) VALUES (100518, 5, 4, 45);
INSERT INTO coordinate_fillpattern (id_coordinate_fillpattern, x, y, list_index) VALUES (100518, 6, 4, 46);
INSERT INTO coordinate_fillpattern (id_coordinate_fillpattern, x, y, list_index) VALUES (100518, 7, 4, 47);
INSERT INTO coordinate_fillpattern (id_coordinate_fillpattern, x, y, list_index) VALUES (100525, 1, 1, 6);
INSERT INTO coordinate_fillpattern (id_coordinate_fillpattern, x, y, list_index) VALUES (100525, 2, 1, 7);
INSERT INTO coordinate_fillpattern (id_coordinate_fillpattern, x, y, list_index) VALUES (100525, 3, 1, 8);
INSERT INTO coordinate_fillpattern (id_coordinate_fillpattern, x, y, list_index) VALUES (100525, 4, 1, 9);
INSERT INTO coordinate_fillpattern (id_coordinate_fillpattern, x, y, list_index) VALUES (100526, 0, 0, 0);
INSERT INTO coordinate_fillpattern (id_coordinate_fillpattern, x, y, list_index) VALUES (100526, 0, 1, 1);
INSERT INTO coordinate_fillpattern (id_coordinate_fillpattern, x, y, list_index) VALUES (100526, 1, 0, 2);
INSERT INTO coordinate_fillpattern (id_coordinate_fillpattern, x, y, list_index) VALUES (100526, 1, 1, 3);
INSERT INTO coordinate_fillpattern (id_coordinate_fillpattern, x, y, list_index) VALUES (100526, 2, 0, 4);
INSERT INTO coordinate_fillpattern (id_coordinate_fillpattern, x, y, list_index) VALUES (100526, 2, 1, 5);
INSERT INTO coordinate_fillpattern (id_coordinate_fillpattern, x, y, list_index) VALUES (100526, 3, 0, 6);
INSERT INTO coordinate_fillpattern (id_coordinate_fillpattern, x, y, list_index) VALUES (100526, 3, 1, 7);
INSERT INTO coordinate_fillpattern (id_coordinate_fillpattern, x, y, list_index) VALUES (100526, 4, 0, 8);
INSERT INTO coordinate_fillpattern (id_coordinate_fillpattern, x, y, list_index) VALUES (100526, 4, 1, 9);
INSERT INTO coordinate_fillpattern (id_coordinate_fillpattern, x, y, list_index) VALUES (100527, 0, 0, 0);
INSERT INTO coordinate_fillpattern (id_coordinate_fillpattern, x, y, list_index) VALUES (100527, 1, 0, 1);
INSERT INTO coordinate_fillpattern (id_coordinate_fillpattern, x, y, list_index) VALUES (100527, 2, 0, 2);
INSERT INTO coordinate_fillpattern (id_coordinate_fillpattern, x, y, list_index) VALUES (100527, 3, 0, 3);
INSERT INTO coordinate_fillpattern (id_coordinate_fillpattern, x, y, list_index) VALUES (100527, 4, 0, 4);
INSERT INTO coordinate_fillpattern (id_coordinate_fillpattern, x, y, list_index) VALUES (100527, 5, 0, 5);
INSERT INTO coordinate_fillpattern (id_coordinate_fillpattern, x, y, list_index) VALUES (100527, 0, 1, 6);
INSERT INTO coordinate_fillpattern (id_coordinate_fillpattern, x, y, list_index) VALUES (100527, 1, 1, 7);
INSERT INTO coordinate_fillpattern (id_coordinate_fillpattern, x, y, list_index) VALUES (100527, 2, 1, 8);
INSERT INTO coordinate_fillpattern (id_coordinate_fillpattern, x, y, list_index) VALUES (100527, 3, 1, 9);
INSERT INTO coordinate_fillpattern (id_coordinate_fillpattern, x, y, list_index) VALUES (100527, 4, 1, 10);
INSERT INTO coordinate_fillpattern (id_coordinate_fillpattern, x, y, list_index) VALUES (100527, 5, 1, 11);
INSERT INTO coordinate_fillpattern (id_coordinate_fillpattern, x, y, list_index) VALUES (100527, 0, 2, 12);
INSERT INTO coordinate_fillpattern (id_coordinate_fillpattern, x, y, list_index) VALUES (100527, 1, 2, 13);
INSERT INTO coordinate_fillpattern (id_coordinate_fillpattern, x, y, list_index) VALUES (100527, 2, 2, 14);
INSERT INTO coordinate_fillpattern (id_coordinate_fillpattern, x, y, list_index) VALUES (100527, 3, 2, 15);
INSERT INTO coordinate_fillpattern (id_coordinate_fillpattern, x, y, list_index) VALUES (100527, 4, 2, 16);
INSERT INTO coordinate_fillpattern (id_coordinate_fillpattern, x, y, list_index) VALUES (100527, 5, 2, 17);
INSERT INTO coordinate_fillpattern (id_coordinate_fillpattern, x, y, list_index) VALUES (100527, 0, 3, 18);
INSERT INTO coordinate_fillpattern (id_coordinate_fillpattern, x, y, list_index) VALUES (100527, 1, 3, 19);
INSERT INTO coordinate_fillpattern (id_coordinate_fillpattern, x, y, list_index) VALUES (100527, 2, 3, 20);
INSERT INTO coordinate_fillpattern (id_coordinate_fillpattern, x, y, list_index) VALUES (100527, 3, 3, 21);
INSERT INTO coordinate_fillpattern (id_coordinate_fillpattern, x, y, list_index) VALUES (100527, 4, 3, 22);
INSERT INTO coordinate_fillpattern (id_coordinate_fillpattern, x, y, list_index) VALUES (100527, 5, 3, 23);
INSERT INTO coordinate_fillpattern (id_coordinate_fillpattern, x, y, list_index) VALUES (100528, 0, 0, 0);
INSERT INTO coordinate_fillpattern (id_coordinate_fillpattern, x, y, list_index) VALUES (100528, 0, 1, 1);
INSERT INTO coordinate_fillpattern (id_coordinate_fillpattern, x, y, list_index) VALUES (100528, 0, 2, 2);
INSERT INTO coordinate_fillpattern (id_coordinate_fillpattern, x, y, list_index) VALUES (100528, 0, 3, 3);
INSERT INTO coordinate_fillpattern (id_coordinate_fillpattern, x, y, list_index) VALUES (100528, 1, 0, 4);
INSERT INTO coordinate_fillpattern (id_coordinate_fillpattern, x, y, list_index) VALUES (100528, 1, 1, 5);
INSERT INTO coordinate_fillpattern (id_coordinate_fillpattern, x, y, list_index) VALUES (100528, 1, 2, 6);
INSERT INTO coordinate_fillpattern (id_coordinate_fillpattern, x, y, list_index) VALUES (100528, 1, 3, 7);
INSERT INTO coordinate_fillpattern (id_coordinate_fillpattern, x, y, list_index) VALUES (100528, 2, 0, 8);
INSERT INTO coordinate_fillpattern (id_coordinate_fillpattern, x, y, list_index) VALUES (100528, 2, 1, 9);
INSERT INTO coordinate_fillpattern (id_coordinate_fillpattern, x, y, list_index) VALUES (100528, 2, 2, 10);
INSERT INTO coordinate_fillpattern (id_coordinate_fillpattern, x, y, list_index) VALUES (100528, 2, 3, 11);
INSERT INTO coordinate_fillpattern (id_coordinate_fillpattern, x, y, list_index) VALUES (100528, 3, 0, 12);
INSERT INTO coordinate_fillpattern (id_coordinate_fillpattern, x, y, list_index) VALUES (100528, 3, 1, 13);
INSERT INTO coordinate_fillpattern (id_coordinate_fillpattern, x, y, list_index) VALUES (100528, 3, 2, 14);
INSERT INTO coordinate_fillpattern (id_coordinate_fillpattern, x, y, list_index) VALUES (100528, 3, 3, 15);
INSERT INTO coordinate_fillpattern (id_coordinate_fillpattern, x, y, list_index) VALUES (100528, 4, 0, 16);
INSERT INTO coordinate_fillpattern (id_coordinate_fillpattern, x, y, list_index) VALUES (100528, 4, 1, 17);
INSERT INTO coordinate_fillpattern (id_coordinate_fillpattern, x, y, list_index) VALUES (100528, 4, 2, 18);
INSERT INTO coordinate_fillpattern (id_coordinate_fillpattern, x, y, list_index) VALUES (100528, 4, 3, 19);
INSERT INTO coordinate_fillpattern (id_coordinate_fillpattern, x, y, list_index) VALUES (100528, 5, 0, 20);
INSERT INTO coordinate_fillpattern (id_coordinate_fillpattern, x, y, list_index) VALUES (100528, 5, 1, 21);
INSERT INTO coordinate_fillpattern (id_coordinate_fillpattern, x, y, list_index) VALUES (100528, 5, 2, 22);
INSERT INTO coordinate_fillpattern (id_coordinate_fillpattern, x, y, list_index) VALUES (100528, 5, 3, 23);
INSERT INTO coordinate_fillpattern (id_coordinate_fillpattern, x, y, list_index) VALUES (100531, 0, 0, 0);
INSERT INTO coordinate_fillpattern (id_coordinate_fillpattern, x, y, list_index) VALUES (100531, 1, 0, 1);
INSERT INTO coordinate_fillpattern (id_coordinate_fillpattern, x, y, list_index) VALUES (100531, 2, 0, 2);
INSERT INTO coordinate_fillpattern (id_coordinate_fillpattern, x, y, list_index) VALUES (100531, 3, 0, 3);
INSERT INTO coordinate_fillpattern (id_coordinate_fillpattern, x, y, list_index) VALUES (100531, 4, 0, 4);
INSERT INTO coordinate_fillpattern (id_coordinate_fillpattern, x, y, list_index) VALUES (100531, 5, 0, 5);
INSERT INTO coordinate_fillpattern (id_coordinate_fillpattern, x, y, list_index) VALUES (100531, 6, 0, 6);
INSERT INTO coordinate_fillpattern (id_coordinate_fillpattern, x, y, list_index) VALUES (100531, 7, 0, 7);
INSERT INTO coordinate_fillpattern (id_coordinate_fillpattern, x, y, list_index) VALUES (100531, 8, 0, 8);
INSERT INTO coordinate_fillpattern (id_coordinate_fillpattern, x, y, list_index) VALUES (100531, 9, 0, 9);
INSERT INTO coordinate_fillpattern (id_coordinate_fillpattern, x, y, list_index) VALUES (100518, 8, 4, 48);
INSERT INTO coordinate_fillpattern (id_coordinate_fillpattern, x, y, list_index) VALUES (100518, 9, 4, 49);
INSERT INTO coordinate_fillpattern (id_coordinate_fillpattern, x, y, list_index) VALUES (100518, 0, 5, 50);
INSERT INTO coordinate_fillpattern (id_coordinate_fillpattern, x, y, list_index) VALUES (100518, 1, 5, 51);
INSERT INTO coordinate_fillpattern (id_coordinate_fillpattern, x, y, list_index) VALUES (100518, 2, 5, 52);
INSERT INTO coordinate_fillpattern (id_coordinate_fillpattern, x, y, list_index) VALUES (100518, 3, 5, 53);
INSERT INTO coordinate_fillpattern (id_coordinate_fillpattern, x, y, list_index) VALUES (100518, 4, 5, 54);
INSERT INTO coordinate_fillpattern (id_coordinate_fillpattern, x, y, list_index) VALUES (100518, 5, 5, 55);
INSERT INTO coordinate_fillpattern (id_coordinate_fillpattern, x, y, list_index) VALUES (100518, 6, 5, 56);
INSERT INTO coordinate_fillpattern (id_coordinate_fillpattern, x, y, list_index) VALUES (100518, 7, 5, 57);
INSERT INTO coordinate_fillpattern (id_coordinate_fillpattern, x, y, list_index) VALUES (100518, 8, 5, 58);
INSERT INTO coordinate_fillpattern (id_coordinate_fillpattern, x, y, list_index) VALUES (100518, 9, 5, 59);
INSERT INTO coordinate_fillpattern (id_coordinate_fillpattern, x, y, list_index) VALUES (100518, 0, 6, 60);
INSERT INTO coordinate_fillpattern (id_coordinate_fillpattern, x, y, list_index) VALUES (100518, 1, 6, 61);
INSERT INTO coordinate_fillpattern (id_coordinate_fillpattern, x, y, list_index) VALUES (100518, 2, 6, 62);
INSERT INTO coordinate_fillpattern (id_coordinate_fillpattern, x, y, list_index) VALUES (100518, 3, 6, 63);
INSERT INTO coordinate_fillpattern (id_coordinate_fillpattern, x, y, list_index) VALUES (100518, 4, 6, 64);
INSERT INTO coordinate_fillpattern (id_coordinate_fillpattern, x, y, list_index) VALUES (100518, 5, 6, 65);
INSERT INTO coordinate_fillpattern (id_coordinate_fillpattern, x, y, list_index) VALUES (100518, 6, 6, 66);
INSERT INTO coordinate_fillpattern (id_coordinate_fillpattern, x, y, list_index) VALUES (100518, 7, 6, 67);
INSERT INTO coordinate_fillpattern (id_coordinate_fillpattern, x, y, list_index) VALUES (100518, 8, 6, 68);
INSERT INTO coordinate_fillpattern (id_coordinate_fillpattern, x, y, list_index) VALUES (100518, 9, 6, 69);
INSERT INTO coordinate_fillpattern (id_coordinate_fillpattern, x, y, list_index) VALUES (100518, 0, 7, 70);
INSERT INTO coordinate_fillpattern (id_coordinate_fillpattern, x, y, list_index) VALUES (100518, 1, 7, 71);
INSERT INTO coordinate_fillpattern (id_coordinate_fillpattern, x, y, list_index) VALUES (100518, 2, 7, 72);
INSERT INTO coordinate_fillpattern (id_coordinate_fillpattern, x, y, list_index) VALUES (100518, 3, 7, 73);
INSERT INTO coordinate_fillpattern (id_coordinate_fillpattern, x, y, list_index) VALUES (100518, 4, 7, 74);
INSERT INTO coordinate_fillpattern (id_coordinate_fillpattern, x, y, list_index) VALUES (100518, 5, 7, 75);
INSERT INTO coordinate_fillpattern (id_coordinate_fillpattern, x, y, list_index) VALUES (100518, 6, 7, 76);
INSERT INTO coordinate_fillpattern (id_coordinate_fillpattern, x, y, list_index) VALUES (100518, 7, 7, 77);
INSERT INTO coordinate_fillpattern (id_coordinate_fillpattern, x, y, list_index) VALUES (100518, 8, 7, 78);
INSERT INTO coordinate_fillpattern (id_coordinate_fillpattern, x, y, list_index) VALUES (100518, 9, 7, 79);
INSERT INTO coordinate_fillpattern (id_coordinate_fillpattern, x, y, list_index) VALUES (100518, 0, 8, 80);
INSERT INTO coordinate_fillpattern (id_coordinate_fillpattern, x, y, list_index) VALUES (100518, 1, 8, 81);
INSERT INTO coordinate_fillpattern (id_coordinate_fillpattern, x, y, list_index) VALUES (100518, 2, 8, 82);
INSERT INTO coordinate_fillpattern (id_coordinate_fillpattern, x, y, list_index) VALUES (100518, 3, 8, 83);
INSERT INTO coordinate_fillpattern (id_coordinate_fillpattern, x, y, list_index) VALUES (100518, 4, 8, 84);
INSERT INTO coordinate_fillpattern (id_coordinate_fillpattern, x, y, list_index) VALUES (100518, 5, 8, 85);
INSERT INTO coordinate_fillpattern (id_coordinate_fillpattern, x, y, list_index) VALUES (100518, 6, 8, 86);
INSERT INTO coordinate_fillpattern (id_coordinate_fillpattern, x, y, list_index) VALUES (100518, 7, 8, 87);
INSERT INTO coordinate_fillpattern (id_coordinate_fillpattern, x, y, list_index) VALUES (100518, 8, 8, 88);
INSERT INTO coordinate_fillpattern (id_coordinate_fillpattern, x, y, list_index) VALUES (100518, 9, 8, 89);
INSERT INTO coordinate_fillpattern (id_coordinate_fillpattern, x, y, list_index) VALUES (100518, 0, 9, 90);
INSERT INTO coordinate_fillpattern (id_coordinate_fillpattern, x, y, list_index) VALUES (100518, 1, 9, 91);
INSERT INTO coordinate_fillpattern (id_coordinate_fillpattern, x, y, list_index) VALUES (100518, 2, 9, 92);
INSERT INTO coordinate_fillpattern (id_coordinate_fillpattern, x, y, list_index) VALUES (100518, 3, 9, 93);
INSERT INTO coordinate_fillpattern (id_coordinate_fillpattern, x, y, list_index) VALUES (100518, 4, 9, 94);
INSERT INTO coordinate_fillpattern (id_coordinate_fillpattern, x, y, list_index) VALUES (100518, 5, 9, 95);
INSERT INTO coordinate_fillpattern (id_coordinate_fillpattern, x, y, list_index) VALUES (100518, 6, 9, 96);
INSERT INTO coordinate_fillpattern (id_coordinate_fillpattern, x, y, list_index) VALUES (100518, 7, 9, 97);
INSERT INTO coordinate_fillpattern (id_coordinate_fillpattern, x, y, list_index) VALUES (100518, 8, 9, 98);
INSERT INTO coordinate_fillpattern (id_coordinate_fillpattern, x, y, list_index) VALUES (100518, 9, 9, 99);
INSERT INTO coordinate_fillpattern (id_coordinate_fillpattern, x, y, list_index) VALUES (100529, 1, 0, 0);
INSERT INTO coordinate_fillpattern (id_coordinate_fillpattern, x, y, list_index) VALUES (100529, 2, 0, 1);
INSERT INTO coordinate_fillpattern (id_coordinate_fillpattern, x, y, list_index) VALUES (100520, 0, 0, 0);
INSERT INTO coordinate_fillpattern (id_coordinate_fillpattern, x, y, list_index) VALUES (100520, 1, 0, 1);
INSERT INTO coordinate_fillpattern (id_coordinate_fillpattern, x, y, list_index) VALUES (100520, 2, 0, 2);
INSERT INTO coordinate_fillpattern (id_coordinate_fillpattern, x, y, list_index) VALUES (100520, 3, 0, 3);
INSERT INTO coordinate_fillpattern (id_coordinate_fillpattern, x, y, list_index) VALUES (100519, 0, 0, 0);
INSERT INTO coordinate_fillpattern (id_coordinate_fillpattern, x, y, list_index) VALUES (100519, 1, 0, 1);
INSERT INTO coordinate_fillpattern (id_coordinate_fillpattern, x, y, list_index) VALUES (100521, 0, 0, 0);
INSERT INTO coordinate_fillpattern (id_coordinate_fillpattern, x, y, list_index) VALUES (100521, 1, 0, 1);
INSERT INTO coordinate_fillpattern (id_coordinate_fillpattern, x, y, list_index) VALUES (100521, 2, 0, 2);
INSERT INTO coordinate_fillpattern (id_coordinate_fillpattern, x, y, list_index) VALUES (100521, 3, 0, 3);
INSERT INTO coordinate_fillpattern (id_coordinate_fillpattern, x, y, list_index) VALUES (100521, 4, 0, 4);
INSERT INTO coordinate_fillpattern (id_coordinate_fillpattern, x, y, list_index) VALUES (100521, 5, 0, 5);
INSERT INTO coordinate_fillpattern (id_coordinate_fillpattern, x, y, list_index) VALUES (100521, 6, 0, 6);
INSERT INTO coordinate_fillpattern (id_coordinate_fillpattern, x, y, list_index) VALUES (100521, 7, 0, 7);
INSERT INTO coordinate_fillpattern (id_coordinate_fillpattern, x, y, list_index) VALUES (100523, 0, 0, 0);
INSERT INTO coordinate_fillpattern (id_coordinate_fillpattern, x, y, list_index) VALUES (100523, 2, 0, 1);
INSERT INTO coordinate_fillpattern (id_coordinate_fillpattern, x, y, list_index) VALUES (100523, 3, 0, 2);
INSERT INTO coordinate_fillpattern (id_coordinate_fillpattern, x, y, list_index) VALUES (100523, 0, 1, 3);
INSERT INTO coordinate_fillpattern (id_coordinate_fillpattern, x, y, list_index) VALUES (100523, 1, 1, 4);
INSERT INTO coordinate_fillpattern (id_coordinate_fillpattern, x, y, list_index) VALUES (100523, 2, 1, 5);
INSERT INTO coordinate_fillpattern (id_coordinate_fillpattern, x, y, list_index) VALUES (100523, 3, 1, 6);
INSERT INTO coordinate_fillpattern (id_coordinate_fillpattern, x, y, list_index) VALUES (199577, 0, 0, 0);
INSERT INTO coordinate_fillpattern (id_coordinate_fillpattern, x, y, list_index) VALUES (199577, 1, 0, 1);
INSERT INTO coordinate_fillpattern (id_coordinate_fillpattern, x, y, list_index) VALUES (199577, 2, 0, 2);
INSERT INTO coordinate_fillpattern (id_coordinate_fillpattern, x, y, list_index) VALUES (199577, 3, 0, 3);
INSERT INTO coordinate_fillpattern (id_coordinate_fillpattern, x, y, list_index) VALUES (199577, 4, 0, 4);
INSERT INTO coordinate_fillpattern (id_coordinate_fillpattern, x, y, list_index) VALUES (100529, 3, 0, 2);
INSERT INTO coordinate_fillpattern (id_coordinate_fillpattern, x, y, list_index) VALUES (100529, 4, 0, 3);
INSERT INTO coordinate_fillpattern (id_coordinate_fillpattern, x, y, list_index) VALUES (100529, 5, 0, 4);
INSERT INTO coordinate_fillpattern (id_coordinate_fillpattern, x, y, list_index) VALUES (100529, 6, 0, 5);
INSERT INTO coordinate_fillpattern (id_coordinate_fillpattern, x, y, list_index) VALUES (100529, 7, 0, 6);
INSERT INTO coordinate_fillpattern (id_coordinate_fillpattern, x, y, list_index) VALUES (100529, 8, 0, 7);
INSERT INTO coordinate_fillpattern (id_coordinate_fillpattern, x, y, list_index) VALUES (100529, 9, 0, 8);
INSERT INTO coordinate_fillpattern (id_coordinate_fillpattern, x, y, list_index) VALUES (100529, 10, 0, 9);
INSERT INTO coordinate_fillpattern (id_coordinate_fillpattern, x, y, list_index) VALUES (100529, 11, 0, 10);
INSERT INTO coordinate_fillpattern (id_coordinate_fillpattern, x, y, list_index) VALUES (100529, 1, 1, 11);
INSERT INTO coordinate_fillpattern (id_coordinate_fillpattern, x, y, list_index) VALUES (100529, 2, 1, 12);
INSERT INTO coordinate_fillpattern (id_coordinate_fillpattern, x, y, list_index) VALUES (100529, 3, 1, 13);
INSERT INTO coordinate_fillpattern (id_coordinate_fillpattern, x, y, list_index) VALUES (100529, 4, 1, 14);
INSERT INTO coordinate_fillpattern (id_coordinate_fillpattern, x, y, list_index) VALUES (100529, 5, 1, 15);
INSERT INTO coordinate_fillpattern (id_coordinate_fillpattern, x, y, list_index) VALUES (100529, 6, 1, 16);
INSERT INTO coordinate_fillpattern (id_coordinate_fillpattern, x, y, list_index) VALUES (100529, 7, 1, 17);
INSERT INTO coordinate_fillpattern (id_coordinate_fillpattern, x, y, list_index) VALUES (100529, 8, 1, 18);
INSERT INTO coordinate_fillpattern (id_coordinate_fillpattern, x, y, list_index) VALUES (100529, 9, 1, 19);
INSERT INTO coordinate_fillpattern (id_coordinate_fillpattern, x, y, list_index) VALUES (100529, 10, 1, 20);
INSERT INTO coordinate_fillpattern (id_coordinate_fillpattern, x, y, list_index) VALUES (100529, 11, 1, 21);
INSERT INTO coordinate_fillpattern (id_coordinate_fillpattern, x, y, list_index) VALUES (100529, 1, 2, 22);
INSERT INTO coordinate_fillpattern (id_coordinate_fillpattern, x, y, list_index) VALUES (100529, 2, 2, 23);
INSERT INTO coordinate_fillpattern (id_coordinate_fillpattern, x, y, list_index) VALUES (100529, 3, 2, 24);
INSERT INTO coordinate_fillpattern (id_coordinate_fillpattern, x, y, list_index) VALUES (100529, 4, 2, 25);
INSERT INTO coordinate_fillpattern (id_coordinate_fillpattern, x, y, list_index) VALUES (100529, 5, 2, 26);
INSERT INTO coordinate_fillpattern (id_coordinate_fillpattern, x, y, list_index) VALUES (100529, 6, 2, 27);
INSERT INTO coordinate_fillpattern (id_coordinate_fillpattern, x, y, list_index) VALUES (100529, 7, 2, 28);
INSERT INTO coordinate_fillpattern (id_coordinate_fillpattern, x, y, list_index) VALUES (100529, 8, 2, 29);
INSERT INTO coordinate_fillpattern (id_coordinate_fillpattern, x, y, list_index) VALUES (100529, 9, 2, 30);
INSERT INTO coordinate_fillpattern (id_coordinate_fillpattern, x, y, list_index) VALUES (100529, 10, 2, 31);
INSERT INTO coordinate_fillpattern (id_coordinate_fillpattern, x, y, list_index) VALUES (100529, 11, 2, 32);
INSERT INTO coordinate_fillpattern (id_coordinate_fillpattern, x, y, list_index) VALUES (100529, 1, 3, 33);
INSERT INTO coordinate_fillpattern (id_coordinate_fillpattern, x, y, list_index) VALUES (100529, 2, 3, 34);
INSERT INTO coordinate_fillpattern (id_coordinate_fillpattern, x, y, list_index) VALUES (100529, 3, 3, 35);
INSERT INTO coordinate_fillpattern (id_coordinate_fillpattern, x, y, list_index) VALUES (100529, 4, 3, 36);
INSERT INTO coordinate_fillpattern (id_coordinate_fillpattern, x, y, list_index) VALUES (100529, 5, 3, 37);
INSERT INTO coordinate_fillpattern (id_coordinate_fillpattern, x, y, list_index) VALUES (100529, 6, 3, 38);
INSERT INTO coordinate_fillpattern (id_coordinate_fillpattern, x, y, list_index) VALUES (100529, 7, 3, 39);
INSERT INTO coordinate_fillpattern (id_coordinate_fillpattern, x, y, list_index) VALUES (100529, 8, 3, 40);
INSERT INTO coordinate_fillpattern (id_coordinate_fillpattern, x, y, list_index) VALUES (100529, 9, 3, 41);
INSERT INTO coordinate_fillpattern (id_coordinate_fillpattern, x, y, list_index) VALUES (100529, 10, 3, 42);
INSERT INTO coordinate_fillpattern (id_coordinate_fillpattern, x, y, list_index) VALUES (100529, 11, 3, 43);
INSERT INTO coordinate_fillpattern (id_coordinate_fillpattern, x, y, list_index) VALUES (100530, 2, 1, 0);
INSERT INTO coordinate_fillpattern (id_coordinate_fillpattern, x, y, list_index) VALUES (100530, 2, 2, 1);
INSERT INTO coordinate_fillpattern (id_coordinate_fillpattern, x, y, list_index) VALUES (100530, 2, 3, 2);
INSERT INTO coordinate_fillpattern (id_coordinate_fillpattern, x, y, list_index) VALUES (100530, 3, 1, 3);
INSERT INTO coordinate_fillpattern (id_coordinate_fillpattern, x, y, list_index) VALUES (100530, 3, 2, 4);
INSERT INTO coordinate_fillpattern (id_coordinate_fillpattern, x, y, list_index) VALUES (100530, 3, 3, 5);
INSERT INTO coordinate_fillpattern (id_coordinate_fillpattern, x, y, list_index) VALUES (100530, 4, 1, 6);
INSERT INTO coordinate_fillpattern (id_coordinate_fillpattern, x, y, list_index) VALUES (100530, 4, 2, 7);
INSERT INTO coordinate_fillpattern (id_coordinate_fillpattern, x, y, list_index) VALUES (100530, 4, 3, 8);
INSERT INTO coordinate_fillpattern (id_coordinate_fillpattern, x, y, list_index) VALUES (100530, 5, 1, 9);
INSERT INTO coordinate_fillpattern (id_coordinate_fillpattern, x, y, list_index) VALUES (100530, 5, 2, 10);
INSERT INTO coordinate_fillpattern (id_coordinate_fillpattern, x, y, list_index) VALUES (100530, 5, 3, 11);
INSERT INTO coordinate_fillpattern (id_coordinate_fillpattern, x, y, list_index) VALUES (100530, 6, 1, 12);
INSERT INTO coordinate_fillpattern (id_coordinate_fillpattern, x, y, list_index) VALUES (100530, 6, 2, 13);
INSERT INTO coordinate_fillpattern (id_coordinate_fillpattern, x, y, list_index) VALUES (100530, 6, 3, 14);
INSERT INTO coordinate_fillpattern (id_coordinate_fillpattern, x, y, list_index) VALUES (100530, 7, 1, 15);
INSERT INTO coordinate_fillpattern (id_coordinate_fillpattern, x, y, list_index) VALUES (100530, 7, 2, 16);
INSERT INTO coordinate_fillpattern (id_coordinate_fillpattern, x, y, list_index) VALUES (100530, 7, 3, 17);
INSERT INTO coordinate_fillpattern (id_coordinate_fillpattern, x, y, list_index) VALUES (100530, 8, 1, 18);
INSERT INTO coordinate_fillpattern (id_coordinate_fillpattern, x, y, list_index) VALUES (100530, 8, 2, 19);
INSERT INTO coordinate_fillpattern (id_coordinate_fillpattern, x, y, list_index) VALUES (100530, 8, 3, 20);
INSERT INTO coordinate_fillpattern (id_coordinate_fillpattern, x, y, list_index) VALUES (100530, 9, 1, 21);
INSERT INTO coordinate_fillpattern (id_coordinate_fillpattern, x, y, list_index) VALUES (100530, 9, 2, 22);
INSERT INTO coordinate_fillpattern (id_coordinate_fillpattern, x, y, list_index) VALUES (100530, 9, 3, 23);
INSERT INTO coordinate_fillpattern (id_coordinate_fillpattern, x, y, list_index) VALUES (100530, 10, 1, 24);
INSERT INTO coordinate_fillpattern (id_coordinate_fillpattern, x, y, list_index) VALUES (100530, 10, 2, 25);
INSERT INTO coordinate_fillpattern (id_coordinate_fillpattern, x, y, list_index) VALUES (100530, 10, 3, 26);
INSERT INTO coordinate_fillpattern (id_coordinate_fillpattern, x, y, list_index) VALUES (100530, 11, 1, 27);
INSERT INTO coordinate_fillpattern (id_coordinate_fillpattern, x, y, list_index) VALUES (100530, 11, 2, 28);
INSERT INTO coordinate_fillpattern (id_coordinate_fillpattern, x, y, list_index) VALUES (100530, 11, 3, 29);
INSERT INTO coordinate_fillpattern (id_coordinate_fillpattern, x, y, list_index) VALUES (100541, 0, 0, 0);
INSERT INTO coordinate_fillpattern (id_coordinate_fillpattern, x, y, list_index) VALUES (100541, 2, 0, 1);
INSERT INTO coordinate_fillpattern (id_coordinate_fillpattern, x, y, list_index) VALUES (100541, 5, 0, 2);
INSERT INTO coordinate_fillpattern (id_coordinate_fillpattern, x, y, list_index) VALUES (100541, 9, 0, 3);
INSERT INTO coordinate_fillpattern (id_coordinate_fillpattern, x, y, list_index) VALUES (100541, 2, 1, 4);
INSERT INTO coordinate_fillpattern (id_coordinate_fillpattern, x, y, list_index) VALUES (100541, 8, 1, 5);
INSERT INTO coordinate_fillpattern (id_coordinate_fillpattern, x, y, list_index) VALUES (100541, 3, 2, 6);
INSERT INTO coordinate_fillpattern (id_coordinate_fillpattern, x, y, list_index) VALUES (100541, 11, 2, 7);
INSERT INTO coordinate_fillpattern (id_coordinate_fillpattern, x, y, list_index) VALUES (100541, 9, 3, 8);
INSERT INTO coordinate_fillpattern (id_coordinate_fillpattern, x, y, list_index) VALUES (100541, 7, 4, 9);
INSERT INTO coordinate_fillpattern (id_coordinate_fillpattern, x, y, list_index) VALUES (100541, 6, 5, 10);
INSERT INTO coordinate_fillpattern (id_coordinate_fillpattern, x, y, list_index) VALUES (100541, 4, 6, 11);
INSERT INTO coordinate_fillpattern (id_coordinate_fillpattern, x, y, list_index) VALUES (100541, 5, 7, 12);
INSERT INTO coordinate_fillpattern (id_coordinate_fillpattern, x, y, list_index) VALUES (100541, 8, 0, 13);
INSERT INTO coordinate_fillpattern (id_coordinate_fillpattern, x, y, list_index) VALUES (100541, 10, 1, 14);
INSERT INTO coordinate_fillpattern (id_coordinate_fillpattern, x, y, list_index) VALUES (100541, 8, 2, 15);
INSERT INTO coordinate_fillpattern (id_coordinate_fillpattern, x, y, list_index) VALUES (100541, 6, 3, 16);
INSERT INTO coordinate_fillpattern (id_coordinate_fillpattern, x, y, list_index) VALUES (100541, 3, 4, 17);
INSERT INTO coordinate_fillpattern (id_coordinate_fillpattern, x, y, list_index) VALUES (100541, 0, 5, 18);
INSERT INTO coordinate_fillpattern (id_coordinate_fillpattern, x, y, list_index) VALUES (100541, 7, 5, 19);
INSERT INTO coordinate_fillpattern (id_coordinate_fillpattern, x, y, list_index) VALUES (100541, 0, 6, 20);
INSERT INTO coordinate_fillpattern (id_coordinate_fillpattern, x, y, list_index) VALUES (100541, 5, 6, 21);
INSERT INTO coordinate_fillpattern (id_coordinate_fillpattern, x, y, list_index) VALUES (100541, 8, 6, 22);
INSERT INTO coordinate_fillpattern (id_coordinate_fillpattern, x, y, list_index) VALUES (100541, 10, 6, 23);
INSERT INTO coordinate_fillpattern (id_coordinate_fillpattern, x, y, list_index) VALUES (100541, 11, 6, 24);
INSERT INTO coordinate_fillpattern (id_coordinate_fillpattern, x, y, list_index) VALUES (100541, 2, 7, 25);
INSERT INTO coordinate_fillpattern (id_coordinate_fillpattern, x, y, list_index) VALUES (100541, 7, 7, 26);
INSERT INTO coordinate_fillpattern (id_coordinate_fillpattern, x, y, list_index) VALUES (100541, 1, 0, 27);
INSERT INTO coordinate_fillpattern (id_coordinate_fillpattern, x, y, list_index) VALUES (100541, 11, 0, 28);
INSERT INTO coordinate_fillpattern (id_coordinate_fillpattern, x, y, list_index) VALUES (100541, 7, 1, 29);
INSERT INTO coordinate_fillpattern (id_coordinate_fillpattern, x, y, list_index) VALUES (100541, 6, 2, 30);
INSERT INTO coordinate_fillpattern (id_coordinate_fillpattern, x, y, list_index) VALUES (100541, 7, 3, 31);
INSERT INTO coordinate_fillpattern (id_coordinate_fillpattern, x, y, list_index) VALUES (100541, 8, 4, 32);
INSERT INTO coordinate_fillpattern (id_coordinate_fillpattern, x, y, list_index) VALUES (100541, 10, 5, 33);
INSERT INTO coordinate_fillpattern (id_coordinate_fillpattern, x, y, list_index) VALUES (100541, 8, 7, 34);
INSERT INTO coordinate_fillpattern (id_coordinate_fillpattern, x, y, list_index) VALUES (100541, 4, 1, 35);
INSERT INTO coordinate_fillpattern (id_coordinate_fillpattern, x, y, list_index) VALUES (100541, 9, 2, 36);
INSERT INTO coordinate_fillpattern (id_coordinate_fillpattern, x, y, list_index) VALUES (100541, 10, 3, 37);
INSERT INTO coordinate_fillpattern (id_coordinate_fillpattern, x, y, list_index) VALUES (100541, 9, 4, 38);
INSERT INTO coordinate_fillpattern (id_coordinate_fillpattern, x, y, list_index) VALUES (100541, 5, 5, 39);
INSERT INTO coordinate_fillpattern (id_coordinate_fillpattern, x, y, list_index) VALUES (100541, 6, 6, 40);
INSERT INTO coordinate_fillpattern (id_coordinate_fillpattern, x, y, list_index) VALUES (100541, 3, 7, 41);
INSERT INTO coordinate_fillpattern (id_coordinate_fillpattern, x, y, list_index) VALUES (100541, 10, 7, 42);
INSERT INTO coordinate_fillpattern (id_coordinate_fillpattern, x, y, list_index) VALUES (100541, 4, 0, 43);
INSERT INTO coordinate_fillpattern (id_coordinate_fillpattern, x, y, list_index) VALUES (100541, 10, 0, 44);
INSERT INTO coordinate_fillpattern (id_coordinate_fillpattern, x, y, list_index) VALUES (100541, 0, 1, 45);
INSERT INTO coordinate_fillpattern (id_coordinate_fillpattern, x, y, list_index) VALUES (100541, 1, 1, 46);
INSERT INTO coordinate_fillpattern (id_coordinate_fillpattern, x, y, list_index) VALUES (100541, 5, 1, 47);
INSERT INTO coordinate_fillpattern (id_coordinate_fillpattern, x, y, list_index) VALUES (100541, 0, 2, 48);
INSERT INTO coordinate_fillpattern (id_coordinate_fillpattern, x, y, list_index) VALUES (100541, 7, 2, 49);
INSERT INTO coordinate_fillpattern (id_coordinate_fillpattern, x, y, list_index) VALUES (100541, 3, 3, 50);
INSERT INTO coordinate_fillpattern (id_coordinate_fillpattern, x, y, list_index) VALUES (100541, 1, 4, 51);
INSERT INTO coordinate_fillpattern (id_coordinate_fillpattern, x, y, list_index) VALUES (100541, 1, 5, 52);
INSERT INTO coordinate_fillpattern (id_coordinate_fillpattern, x, y, list_index) VALUES (100541, 11, 5, 53);
INSERT INTO coordinate_fillpattern (id_coordinate_fillpattern, x, y, list_index) VALUES (100541, 0, 7, 54);
INSERT INTO coordinate_fillpattern (id_coordinate_fillpattern, x, y, list_index) VALUES (100541, 4, 7, 55);
INSERT INTO coordinate_fillpattern (id_coordinate_fillpattern, x, y, list_index) VALUES (100541, 9, 7, 56);
INSERT INTO coordinate_fillpattern (id_coordinate_fillpattern, x, y, list_index) VALUES (100541, 11, 4, 57);
INSERT INTO coordinate_fillpattern (id_coordinate_fillpattern, x, y, list_index) VALUES (100541, 11, 3, 58);
INSERT INTO coordinate_fillpattern (id_coordinate_fillpattern, x, y, list_index) VALUES (100541, 11, 1, 59);
INSERT INTO coordinate_fillpattern (id_coordinate_fillpattern, x, y, list_index) VALUES (100541, 2, 2, 60);
INSERT INTO coordinate_fillpattern (id_coordinate_fillpattern, x, y, list_index) VALUES (100541, 0, 3, 61);
INSERT INTO coordinate_fillpattern (id_coordinate_fillpattern, x, y, list_index) VALUES (100541, 2, 4, 62);
INSERT INTO coordinate_fillpattern (id_coordinate_fillpattern, x, y, list_index) VALUES (100541, 4, 3, 63);
INSERT INTO coordinate_fillpattern (id_coordinate_fillpattern, x, y, list_index) VALUES (100541, 5, 4, 64);
INSERT INTO coordinate_fillpattern (id_coordinate_fillpattern, x, y, list_index) VALUES (100541, 3, 6, 65);
INSERT INTO coordinate_fillpattern (id_coordinate_fillpattern, x, y, list_index) VALUES (100541, 1, 7, 66);
INSERT INTO coordinate_fillpattern (id_coordinate_fillpattern, x, y, list_index) VALUES (100541, 6, 7, 67);
INSERT INTO coordinate_fillpattern (id_coordinate_fillpattern, x, y, list_index) VALUES (100541, 1, 2, 68);
INSERT INTO coordinate_fillpattern (id_coordinate_fillpattern, x, y, list_index) VALUES (100541, 1, 6, 69);
INSERT INTO coordinate_fillpattern (id_coordinate_fillpattern, x, y, list_index) VALUES (100541, 2, 5, 70);
INSERT INTO coordinate_fillpattern (id_coordinate_fillpattern, x, y, list_index) VALUES (100541, 2, 3, 71);
INSERT INTO coordinate_fillpattern (id_coordinate_fillpattern, x, y, list_index) VALUES (100541, 3, 1, 72);
INSERT INTO coordinate_fillpattern (id_coordinate_fillpattern, x, y, list_index) VALUES (100541, 5, 2, 73);
INSERT INTO coordinate_fillpattern (id_coordinate_fillpattern, x, y, list_index) VALUES (100541, 4, 4, 74);
INSERT INTO coordinate_fillpattern (id_coordinate_fillpattern, x, y, list_index) VALUES (100541, 4, 5, 75);
INSERT INTO coordinate_fillpattern (id_coordinate_fillpattern, x, y, list_index) VALUES (100541, 6, 0, 76);
INSERT INTO coordinate_fillpattern (id_coordinate_fillpattern, x, y, list_index) VALUES (100541, 6, 4, 77);
INSERT INTO coordinate_fillpattern (id_coordinate_fillpattern, x, y, list_index) VALUES (100541, 7, 0, 78);
INSERT INTO coordinate_fillpattern (id_coordinate_fillpattern, x, y, list_index) VALUES (100541, 9, 5, 79);
INSERT INTO coordinate_fillpattern (id_coordinate_fillpattern, x, y, list_index) VALUES (100541, 9, 6, 80);
INSERT INTO coordinate_fillpattern (id_coordinate_fillpattern, x, y, list_index) VALUES (100541, 10, 4, 81);
INSERT INTO coordinate_fillpattern (id_coordinate_fillpattern, x, y, list_index) VALUES (100541, 3, 0, 82);
INSERT INTO coordinate_fillpattern (id_coordinate_fillpattern, x, y, list_index) VALUES (100541, 8, 3, 83);
INSERT INTO coordinate_fillpattern (id_coordinate_fillpattern, x, y, list_index) VALUES (100505, 0, 0, 0);
INSERT INTO coordinate_fillpattern (id_coordinate_fillpattern, x, y, list_index) VALUES (100505, 1, 0, 1);
INSERT INTO coordinate_fillpattern (id_coordinate_fillpattern, x, y, list_index) VALUES (100505, 2, 0, 2);
INSERT INTO coordinate_fillpattern (id_coordinate_fillpattern, x, y, list_index) VALUES (100505, 3, 0, 3);
INSERT INTO coordinate_fillpattern (id_coordinate_fillpattern, x, y, list_index) VALUES (100505, 4, 0, 4);
INSERT INTO coordinate_fillpattern (id_coordinate_fillpattern, x, y, list_index) VALUES (100505, 5, 0, 5);
INSERT INTO coordinate_fillpattern (id_coordinate_fillpattern, x, y, list_index) VALUES (100505, 6, 0, 6);
INSERT INTO coordinate_fillpattern (id_coordinate_fillpattern, x, y, list_index) VALUES (100505, 7, 0, 7);
INSERT INTO coordinate_fillpattern (id_coordinate_fillpattern, x, y, list_index) VALUES (100505, 8, 0, 8);
INSERT INTO coordinate_fillpattern (id_coordinate_fillpattern, x, y, list_index) VALUES (100505, 9, 0, 9);
INSERT INTO coordinate_fillpattern (id_coordinate_fillpattern, x, y, list_index) VALUES (100505, 10, 0, 10);
INSERT INTO coordinate_fillpattern (id_coordinate_fillpattern, x, y, list_index) VALUES (100505, 11, 0, 11);
INSERT INTO coordinate_fillpattern (id_coordinate_fillpattern, x, y, list_index) VALUES (100505, 0, 1, 12);
INSERT INTO coordinate_fillpattern (id_coordinate_fillpattern, x, y, list_index) VALUES (100505, 1, 1, 13);
INSERT INTO coordinate_fillpattern (id_coordinate_fillpattern, x, y, list_index) VALUES (100505, 2, 1, 14);
INSERT INTO coordinate_fillpattern (id_coordinate_fillpattern, x, y, list_index) VALUES (100505, 3, 1, 15);
INSERT INTO coordinate_fillpattern (id_coordinate_fillpattern, x, y, list_index) VALUES (100505, 4, 1, 16);
INSERT INTO coordinate_fillpattern (id_coordinate_fillpattern, x, y, list_index) VALUES (100505, 5, 1, 17);
INSERT INTO coordinate_fillpattern (id_coordinate_fillpattern, x, y, list_index) VALUES (100505, 6, 1, 18);
INSERT INTO coordinate_fillpattern (id_coordinate_fillpattern, x, y, list_index) VALUES (100505, 7, 1, 19);
INSERT INTO coordinate_fillpattern (id_coordinate_fillpattern, x, y, list_index) VALUES (100505, 8, 1, 20);
INSERT INTO coordinate_fillpattern (id_coordinate_fillpattern, x, y, list_index) VALUES (100505, 9, 1, 21);
INSERT INTO coordinate_fillpattern (id_coordinate_fillpattern, x, y, list_index) VALUES (100505, 10, 1, 22);
INSERT INTO coordinate_fillpattern (id_coordinate_fillpattern, x, y, list_index) VALUES (100505, 11, 1, 23);
INSERT INTO coordinate_fillpattern (id_coordinate_fillpattern, x, y, list_index) VALUES (100505, 0, 2, 24);
INSERT INTO coordinate_fillpattern (id_coordinate_fillpattern, x, y, list_index) VALUES (100505, 1, 2, 25);
INSERT INTO coordinate_fillpattern (id_coordinate_fillpattern, x, y, list_index) VALUES (100505, 2, 2, 26);
INSERT INTO coordinate_fillpattern (id_coordinate_fillpattern, x, y, list_index) VALUES (100505, 3, 2, 27);
INSERT INTO coordinate_fillpattern (id_coordinate_fillpattern, x, y, list_index) VALUES (100505, 4, 2, 28);
INSERT INTO coordinate_fillpattern (id_coordinate_fillpattern, x, y, list_index) VALUES (100505, 5, 2, 29);
INSERT INTO coordinate_fillpattern (id_coordinate_fillpattern, x, y, list_index) VALUES (100505, 6, 2, 30);
INSERT INTO coordinate_fillpattern (id_coordinate_fillpattern, x, y, list_index) VALUES (100505, 7, 2, 31);
INSERT INTO coordinate_fillpattern (id_coordinate_fillpattern, x, y, list_index) VALUES (100505, 8, 2, 32);
INSERT INTO coordinate_fillpattern (id_coordinate_fillpattern, x, y, list_index) VALUES (100505, 9, 2, 33);
INSERT INTO coordinate_fillpattern (id_coordinate_fillpattern, x, y, list_index) VALUES (100505, 10, 2, 34);
INSERT INTO coordinate_fillpattern (id_coordinate_fillpattern, x, y, list_index) VALUES (100505, 11, 2, 35);
INSERT INTO coordinate_fillpattern (id_coordinate_fillpattern, x, y, list_index) VALUES (100505, 0, 3, 36);
INSERT INTO coordinate_fillpattern (id_coordinate_fillpattern, x, y, list_index) VALUES (100505, 2, 3, 37);
INSERT INTO coordinate_fillpattern (id_coordinate_fillpattern, x, y, list_index) VALUES (100505, 3, 3, 38);
INSERT INTO coordinate_fillpattern (id_coordinate_fillpattern, x, y, list_index) VALUES (100505, 4, 3, 39);
INSERT INTO coordinate_fillpattern (id_coordinate_fillpattern, x, y, list_index) VALUES (100505, 5, 3, 40);
INSERT INTO coordinate_fillpattern (id_coordinate_fillpattern, x, y, list_index) VALUES (100505, 6, 3, 41);
INSERT INTO coordinate_fillpattern (id_coordinate_fillpattern, x, y, list_index) VALUES (100505, 7, 3, 42);
INSERT INTO coordinate_fillpattern (id_coordinate_fillpattern, x, y, list_index) VALUES (100505, 8, 3, 43);
INSERT INTO coordinate_fillpattern (id_coordinate_fillpattern, x, y, list_index) VALUES (100505, 9, 3, 44);
INSERT INTO coordinate_fillpattern (id_coordinate_fillpattern, x, y, list_index) VALUES (100505, 10, 3, 45);
INSERT INTO coordinate_fillpattern (id_coordinate_fillpattern, x, y, list_index) VALUES (100505, 11, 3, 46);
INSERT INTO coordinate_fillpattern (id_coordinate_fillpattern, x, y, list_index) VALUES (100505, 0, 4, 47);
INSERT INTO coordinate_fillpattern (id_coordinate_fillpattern, x, y, list_index) VALUES (100505, 1, 4, 48);
INSERT INTO coordinate_fillpattern (id_coordinate_fillpattern, x, y, list_index) VALUES (100505, 2, 4, 49);
INSERT INTO coordinate_fillpattern (id_coordinate_fillpattern, x, y, list_index) VALUES (100505, 3, 4, 50);
INSERT INTO coordinate_fillpattern (id_coordinate_fillpattern, x, y, list_index) VALUES (100505, 4, 4, 51);
INSERT INTO coordinate_fillpattern (id_coordinate_fillpattern, x, y, list_index) VALUES (100505, 5, 4, 52);
INSERT INTO coordinate_fillpattern (id_coordinate_fillpattern, x, y, list_index) VALUES (100505, 6, 4, 53);
INSERT INTO coordinate_fillpattern (id_coordinate_fillpattern, x, y, list_index) VALUES (100505, 7, 4, 54);
INSERT INTO coordinate_fillpattern (id_coordinate_fillpattern, x, y, list_index) VALUES (100505, 8, 4, 55);
INSERT INTO coordinate_fillpattern (id_coordinate_fillpattern, x, y, list_index) VALUES (100505, 9, 4, 56);
INSERT INTO coordinate_fillpattern (id_coordinate_fillpattern, x, y, list_index) VALUES (100505, 10, 4, 57);
INSERT INTO coordinate_fillpattern (id_coordinate_fillpattern, x, y, list_index) VALUES (100505, 11, 4, 58);
INSERT INTO coordinate_fillpattern (id_coordinate_fillpattern, x, y, list_index) VALUES (100505, 0, 5, 59);
INSERT INTO coordinate_fillpattern (id_coordinate_fillpattern, x, y, list_index) VALUES (100505, 1, 5, 60);
INSERT INTO coordinate_fillpattern (id_coordinate_fillpattern, x, y, list_index) VALUES (100505, 2, 5, 61);
INSERT INTO coordinate_fillpattern (id_coordinate_fillpattern, x, y, list_index) VALUES (100505, 3, 5, 62);
INSERT INTO coordinate_fillpattern (id_coordinate_fillpattern, x, y, list_index) VALUES (100505, 4, 5, 63);
INSERT INTO coordinate_fillpattern (id_coordinate_fillpattern, x, y, list_index) VALUES (100505, 5, 5, 64);
INSERT INTO coordinate_fillpattern (id_coordinate_fillpattern, x, y, list_index) VALUES (100505, 6, 5, 65);
INSERT INTO coordinate_fillpattern (id_coordinate_fillpattern, x, y, list_index) VALUES (100505, 7, 5, 66);
INSERT INTO coordinate_fillpattern (id_coordinate_fillpattern, x, y, list_index) VALUES (100505, 8, 5, 67);
INSERT INTO coordinate_fillpattern (id_coordinate_fillpattern, x, y, list_index) VALUES (100505, 9, 5, 68);
INSERT INTO coordinate_fillpattern (id_coordinate_fillpattern, x, y, list_index) VALUES (100505, 10, 5, 69);
INSERT INTO coordinate_fillpattern (id_coordinate_fillpattern, x, y, list_index) VALUES (100505, 11, 5, 70);
INSERT INTO coordinate_fillpattern (id_coordinate_fillpattern, x, y, list_index) VALUES (100505, 0, 6, 71);
INSERT INTO coordinate_fillpattern (id_coordinate_fillpattern, x, y, list_index) VALUES (100505, 1, 6, 72);
INSERT INTO coordinate_fillpattern (id_coordinate_fillpattern, x, y, list_index) VALUES (100505, 2, 6, 73);
INSERT INTO coordinate_fillpattern (id_coordinate_fillpattern, x, y, list_index) VALUES (100505, 3, 6, 74);
INSERT INTO coordinate_fillpattern (id_coordinate_fillpattern, x, y, list_index) VALUES (100505, 4, 6, 75);
INSERT INTO coordinate_fillpattern (id_coordinate_fillpattern, x, y, list_index) VALUES (100505, 5, 6, 76);
INSERT INTO coordinate_fillpattern (id_coordinate_fillpattern, x, y, list_index) VALUES (100505, 6, 6, 77);
INSERT INTO coordinate_fillpattern (id_coordinate_fillpattern, x, y, list_index) VALUES (100505, 7, 6, 78);
INSERT INTO coordinate_fillpattern (id_coordinate_fillpattern, x, y, list_index) VALUES (100505, 8, 6, 79);
INSERT INTO coordinate_fillpattern (id_coordinate_fillpattern, x, y, list_index) VALUES (100505, 9, 6, 80);
INSERT INTO coordinate_fillpattern (id_coordinate_fillpattern, x, y, list_index) VALUES (100505, 10, 6, 81);
INSERT INTO coordinate_fillpattern (id_coordinate_fillpattern, x, y, list_index) VALUES (100505, 11, 6, 82);
INSERT INTO coordinate_fillpattern (id_coordinate_fillpattern, x, y, list_index) VALUES (100505, 11, 7, 83);
INSERT INTO coordinate_fillpattern (id_coordinate_fillpattern, x, y, list_index) VALUES (100505, 0, 7, 84);
INSERT INTO coordinate_fillpattern (id_coordinate_fillpattern, x, y, list_index) VALUES (100505, 1, 7, 85);
INSERT INTO coordinate_fillpattern (id_coordinate_fillpattern, x, y, list_index) VALUES (100505, 2, 7, 86);
INSERT INTO coordinate_fillpattern (id_coordinate_fillpattern, x, y, list_index) VALUES (100505, 3, 7, 87);
INSERT INTO coordinate_fillpattern (id_coordinate_fillpattern, x, y, list_index) VALUES (100505, 4, 7, 88);
INSERT INTO coordinate_fillpattern (id_coordinate_fillpattern, x, y, list_index) VALUES (100505, 5, 7, 89);
INSERT INTO coordinate_fillpattern (id_coordinate_fillpattern, x, y, list_index) VALUES (100505, 6, 7, 90);
INSERT INTO coordinate_fillpattern (id_coordinate_fillpattern, x, y, list_index) VALUES (100505, 7, 7, 91);
INSERT INTO coordinate_fillpattern (id_coordinate_fillpattern, x, y, list_index) VALUES (100505, 8, 7, 92);
INSERT INTO coordinate_fillpattern (id_coordinate_fillpattern, x, y, list_index) VALUES (100505, 9, 7, 93);
INSERT INTO coordinate_fillpattern (id_coordinate_fillpattern, x, y, list_index) VALUES (100505, 10, 7, 94);
INSERT INTO coordinate_fillpattern (id_coordinate_fillpattern, x, y, list_index) VALUES (309142, 0, 0, 0);
INSERT INTO coordinate_fillpattern (id_coordinate_fillpattern, x, y, list_index) VALUES (309142, 1, 0, 1);
INSERT INTO coordinate_fillpattern (id_coordinate_fillpattern, x, y, list_index) VALUES (309142, 2, 0, 2);
INSERT INTO coordinate_fillpattern (id_coordinate_fillpattern, x, y, list_index) VALUES (309142, 3, 0, 3);
INSERT INTO coordinate_fillpattern (id_coordinate_fillpattern, x, y, list_index) VALUES (309142, 4, 0, 4);
INSERT INTO coordinate_fillpattern (id_coordinate_fillpattern, x, y, list_index) VALUES (309142, 5, 0, 5);
INSERT INTO coordinate_fillpattern (id_coordinate_fillpattern, x, y, list_index) VALUES (309142, 6, 0, 6);
INSERT INTO coordinate_fillpattern (id_coordinate_fillpattern, x, y, list_index) VALUES (309142, 7, 0, 7);
INSERT INTO coordinate_fillpattern (id_coordinate_fillpattern, x, y, list_index) VALUES (309142, 8, 0, 8);
INSERT INTO coordinate_fillpattern (id_coordinate_fillpattern, x, y, list_index) VALUES (309142, 9, 0, 9);
INSERT INTO coordinate_fillpattern (id_coordinate_fillpattern, x, y, list_index) VALUES (309142, 10, 0, 10);
INSERT INTO coordinate_fillpattern (id_coordinate_fillpattern, x, y, list_index) VALUES (309142, 11, 0, 11);
INSERT INTO coordinate_fillpattern (id_coordinate_fillpattern, x, y, list_index) VALUES (309142, 12, 0, 12);
INSERT INTO coordinate_fillpattern (id_coordinate_fillpattern, x, y, list_index) VALUES (309142, 13, 0, 13);
INSERT INTO coordinate_fillpattern (id_coordinate_fillpattern, x, y, list_index) VALUES (309142, 14, 0, 14);
INSERT INTO coordinate_fillpattern (id_coordinate_fillpattern, x, y, list_index) VALUES (309142, 15, 0, 15);
INSERT INTO coordinate_fillpattern (id_coordinate_fillpattern, x, y, list_index) VALUES (309142, 16, 0, 16);
INSERT INTO coordinate_fillpattern (id_coordinate_fillpattern, x, y, list_index) VALUES (309142, 17, 0, 17);
INSERT INTO coordinate_fillpattern (id_coordinate_fillpattern, x, y, list_index) VALUES (309142, 18, 0, 18);
INSERT INTO coordinate_fillpattern (id_coordinate_fillpattern, x, y, list_index) VALUES (309142, 19, 0, 19);
INSERT INTO coordinate_fillpattern (id_coordinate_fillpattern, x, y, list_index) VALUES (309142, 20, 0, 20);
INSERT INTO coordinate_fillpattern (id_coordinate_fillpattern, x, y, list_index) VALUES (309142, 21, 0, 21);
INSERT INTO coordinate_fillpattern (id_coordinate_fillpattern, x, y, list_index) VALUES (309142, 23, 0, 22);
INSERT INTO coordinate_fillpattern (id_coordinate_fillpattern, x, y, list_index) VALUES (309142, 22, 0, 23);

alter sequence hibernate_sequence restart with 500600;
